,Yt.1M,Industry,MR,TRC,BAB,EV,P/B,PSR,ROA,C/A,D/A,PG,AG,cluster
0,0.0195,M1100 ¤ôªd¤u·~,0.0406,0.3296,0.2578,250567026346.0,1.02,9.7551,0.59,0.1465,47.9,0.3898,0.2303,1
1,-0.0853,M1100 ¤ôªd¤u·~,0.1633,0.7223,0.2117,154039638892.0,0.86,9.3358,0.93,0.0949,43.71,0.0968,0.0333,1
2,-0.0108,M1100 ¤ôªd¤u·~,0.0167,0.8106,0.2338,14034320723.0,0.66,20.0736,-0.01,0.0658,39.37,-2.9356,-0.0477,1
3,0.0151,M1100 ¤ôªd¤u·~,0.1471,0.7333,0.4068,21190726169.0,0.93,11.1029,0.93,0.0398,17.59,-0.0908,0.0156,1
4,-0.0117,M1100 ¤ôªd¤u·~,0.1111,0.8406,0.1448,6457149578.0,1.34,5.4127,1.33,0.0263,51.61,-0.0401,0.0188,1
5,-0.0201,M1100 ¤ôªd¤u·~,0.1307,0.3228,0.1582,6380694308.0,0.79,5.8161,0.92,0.2792,11.63,-0.1598,-0.005,1
6,0.0688,M1100 ¤ôªd¤u·~,0.1093,1.3915,0.1383,11508141235.0,1.13,19.9484,0.43,0.0195,24.19,-0.1616,-0.0079,1
7,-0.0208,M1200 ­¹«~¤u·~,0.0242,-0.0448,0.159,9501887617.0,1.29,1.7812,0.89,0.0705,58.41,0.0276,-0.0503,1
8,-0.0139,M1200 ­¹«~¤u·~,-0.0769,-0.3219,0.3395,11834064000.0,2.06,7.5925,2.4,0.1856,32.56,0.9555,0.0208,1
9,-0.0256,M1200 ­¹«~¤u·~,0.0175,-0.1569,0.2528,50055783747.0,2.25,1.9782,1.91,0.0931,51.7,0.1105,0.0802,1
10,0.0593,M1200 ­¹«~¤u·~,-0.0014,-0.1873,-0.1036,408815367.0,2.03,12.2591,-2.67,0.0028,75.19,-0.2766,-0.2086,1
11,0.0282,M1200 ­¹«~¤u·~,0.1129,-0.1309,0.3576,29880454955.0,3.32,4.3229,1.52,0.0122,61.63,-0.126,0.0775,1
12,0.0225,M1200 ­¹«~¤u·~,0.0762,-0.1815,0.296,433376407384.0,3.29,2.7298,1.36,0.1441,69.11,0.1065,0.2324,1
13,-0.0162,M1200 ­¹«~¤u·~,0.0536,0.2428,0.1518,6082514033.0,0.84,5.2473,0.77,0.0409,45.87,0.2018,0.0273,1
14,0.0,M1200 ­¹«~¤u·~,0.0754,-0.2381,0.1953,11049978740.0,0.9,4.0082,1.13,0.152,11.88,3.2223,-0.0744,1
15,-0.0105,M1200 ­¹«~¤u·~,0.0026,-0.1715,0.0828,6149833199.0,1.35,1.7222,0.49,0.0903,52.99,-0.2113,0.0396,1
16,-0.0437,M1200 ­¹«~¤u·~,0.1511,0.8978,0.2165,2761512829.0,1.14,3.6081,1.84,0.1685,18.86,8.5576,0.0692,1
17,0.3391,M1200 ­¹«~¤u·~,0.2455,2.8101,0.2131,15593421496.0,3.61,4.6632,1.12,0.0972,50.98,0.1,-0.0368,1
18,0.042,M1200 ­¹«~¤u·~,0.0704,0.3722,0.1465,35746876765.0,1.93,5.2601,1.96,0.13,29.62,0.8137,0.0194,1
19,-0.0089,M1200 ­¹«~¤u·~,0.0305,-0.3512,0.3099,104923101049.0,2.24,34.3954,1.43,0.0492,21.96,0.0088,0.2449,1
20,0.0689,M1200 ­¹«~¤u·~,0.1237,-0.4049,0.1672,23866698928.0,3.94,8.2144,2.24,0.0693,55.52,0.2468,0.2416,1
21,-0.0069,M1200 ­¹«~¤u·~,0.0284,-0.1191,0.0498,22158413431.0,4.14,3.9383,3.63,0.341,29.63,-0.1868,0.0974,1
22,-0.0044,M1200 ­¹«~¤u·~,-0.0202,-0.3699,0.0582,2999426925.0,2.23,5.1608,1.47,0.0864,40.39,0.0563,0.0382,1
23,0.0023,M1200 ­¹«~¤u·~,0.0842,-0.01,0.2038,16602822003.0,0.92,6.2904,0.78,0.0607,21.65,-0.0805,0.0259,1
24,0.0897,M1200 ­¹«~¤u·~,0.0145,-0.5941,-0.0131,12537628883.0,5.32,726.3559,1.0,0.0076,48.27,0.0146,0.3772,1
25,-0.0123,M1200 ­¹«~¤u·~,0.019,-0.1422,-0.0125,2035495741.0,0.89,3.5486,0.3,0.0386,35.36,1.4676,-0.0863,1
26,-0.1134,M1300 ¶ì½¦¤u·~,-0.0594,-0.0172,0.2545,426306021215.0,1.3,8.8613,0.15,0.0133,36.5,-0.9057,0.0113,1
27,-0.1152,M1300 ¶ì½¦¤u·~,-0.0719,-0.221,0.473,444022115221.0,1.22,7.5733,0.31,0.1227,41.86,0.4334,-0.0281,1
28,-0.0703,M1300 ¶ì½¦¤u·~,-0.1025,0.859,0.3606,18848201922.0,0.82,1.5675,-1.24,0.1363,36.4,-3.0809,-0.039,1
29,-0.0847,M1300 ¶ì½¦¤u·~,-0.1007,0.1694,0.3709,10430379313.0,1.11,3.5911,-0.14,0.0811,44.0,-1.1363,0.0649,1
30,-0.0799,M1300 ¶ì½¦¤u·~,0.2925,0.706,0.1654,12828520673.0,1.29,4.9263,2.67,0.3001,45.01,1.622,0.0642,1
31,-0.0851,M1300 ¶ì½¦¤u·~,-0.1523,0.0718,0.3802,10820389180.0,0.88,6.9307,-1.26,0.0794,10.56,-6.4704,-0.1329,1
32,-0.0284,M1300 ¶ì½¦¤u·~,-0.0368,-0.0977,0.362,6144307149.0,0.94,1.6208,-1.07,0.2169,28.85,-0.4163,-0.0008,1
33,-0.0571,M1300 ¶ì½¦¤u·~,-0.0106,0.1592,0.2044,7390176696.0,1.01,3.3242,-0.3,0.081,24.03,-17.0776,0.0555,1
34,-0.0606,M1300 ¶ì½¦¤u·~,0.0421,0.3356,0.4738,16730311871.0,0.44,5.1397,-0.71,0.0733,41.68,-2.5128,0.0339,1
35,-0.0919,M1300 ¶ì½¦¤u·~,-0.0925,-0.118,0.3163,18469074695.0,0.58,1.0416,-1.16,0.0558,49.6,-25.0855,0.1679,1
36,-0.0288,M1300 ¶ì½¦¤u·~,0.0964,3.8983,0.5276,39173198846.0,0.45,4.782,0.27,0.0336,45.78,1.2418,0.0379,1
37,0.0112,M1300 ¶ì½¦¤u·~,0.0236,-0.0106,0.0518,6821440025.0,0.7,14.9833,0.36,0.2161,8.75,0.2612,-0.0636,1
38,0.0317,M2500 «Ø§÷Àç³y,0.3561,-0.5533,0.468,6687740270.0,1.85,29.3707,0.17,0.0831,47.88,-0.6605,0.1512,2
39,0.0085,M2200 ¨T¨®¤u·~,0.2919,-0.5721,0.3651,66084904740.0,2.76,10.7034,3.38,0.1396,24.64,1.3901,0.0663,3
40,-0.0556,M1300 ¶ì½¦¤u·~,0.1018,3.7773,0.2429,9007283098.0,1.28,8.0987,1.01,0.0638,48.82,-0.1103,-0.0085,1
41,0.0164,M1300 ¶ì½¦¤u·~,0.0,-0.5076,-0.0123,2752365921.0,1.17,3.5975,0.94,0.2136,46.71,-0.1094,-0.0224,1
42,-0.0793,M1300 ¶ì½¦¤u·~,-0.1628,-0.2328,0.0319,1065363506.0,1.14,5.3494,0.02,0.2324,19.26,-0.9635,0.0013,1
43,0.121,M1300 ¶ì½¦¤u·~,-0.2107,-0.6228,0.6055,2334871279.0,0.9,24.2264,0.41,0.1676,3.43,10.5832,-0.0037,1
44,-0.086,M1300 ¶ì½¦¤u·~,-0.0018,0.2205,0.39,322051086420.0,0.99,3.8366,0.37,0.04,35.42,2.9939,-0.0158,1
45,-0.0845,M2200 ¨T¨®¤u·~,0.1603,0.6272,0.4357,5108558166.0,1.31,9.9921,2.53,0.136,27.34,1.0766,0.0086,3
46,-0.0215,M9900 ¨ä¥L,0.0791,-0.6292,0.1357,7877241090.0,4.86,12.6994,3.76,0.1931,40.75,0.1976,0.0593,1
47,0.0289,M1400 ¯¼Â´ÅÖºû,0.1189,-0.0628,0.389,177216569565.0,0.77,2.7094,0.68,0.0403,52.65,0.0852,0.0078,1
48,-0.0179,M1400 ¯¼Â´ÅÖºû,0.1067,-0.2848,0.4351,25991329451.0,0.71,2.3874,0.35,0.0571,77.37,13.3635,0.1145,1
49,-0.0118,M1400 ¯¼Â´ÅÖºû,0.0283,-0.5484,0.2062,2383882200.0,2.1,43.5532,1.08,0.3561,17.87,1.3336,-0.011,1
50,0.1184,M1400 ¯¼Â´ÅÖºû,0.0728,6.745,0.151,1303949921.0,1.1,2.0918,-0.45,0.0281,54.98,0.5879,-0.0887,1
51,0.0982,M1400 ¯¼Â´ÅÖºû,0.124,-0.3572,0.0523,4345000000.0,1.36,31.0089,0.45,0.0368,30.4,3.0369,-0.0147,1
52,-0.0409,M9900 ¨ä¥L,0.1144,-0.0623,0.3708,2343151291.0,0.6,29.6185,0.76,0.0316,21.73,17.4399,0.0825,1
53,-0.0217,M1400 ¯¼Â´ÅÖºû,-0.0338,0.0217,0.3008,2136674752.0,0.82,8.9919,-0.05,0.2078,22.59,-1.2917,-0.2254,1
54,-0.0744,M1400 ¯¼Â´ÅÖºû,0.1053,-0.7021,0.4768,1790280734.0,1.55,463.5631,-0.42,0.1861,72.9,-0.5369,0.058,1
55,0.0094,M1400 ¯¼Â´ÅÖºû,0.0519,3.4954,0.2678,13944688525.0,0.99,16.1842,0.53,0.0575,27.74,-0.0073,0.1396,1
56,0.0994,M1400 ¯¼Â´ÅÖºû,0.1282,2.2549,0.1491,3416959814.0,1.04,85.0244,0.06,0.0872,8.33,-0.9317,-0.033,1
57,-0.0139,M3700 ¹B°Ê¥ð¶¢,-0.1612,-0.8167,0.387,1938600000.0,2.21,6.0187,0.24,0.1024,84.38,-1.0195,0.0186,1
58,-0.0546,M1400 ¯¼Â´ÅÖºû,-0.0063,-0.054,0.2536,38964776856.0,0.75,5.4339,0.36,0.0596,26.34,1.1974,-0.1067,1
59,-0.0612,M9900 ¨ä¥L,-0.018,-0.682,0.2331,6849224900.0,5.27,2584.6132,-0.3,0.0892,12.19,-0.5603,0.2593,1
60,0.1208,M2500 «Ø§÷Àç³y,0.526,2.0493,0.1843,15218038653.0,3.49,757.7195,-0.11,0.0421,79.82,0.074,0.2788,2
61,0.0477,M9900 ¨ä¥L,0.1827,0.657,0.4026,7152405361.0,0.84,40.3207,1.39,0.0567,41.61,0.3098,0.0341,1
62,0.021,M2500 «Ø§÷Àç³y,0.124,2.0623,-0.1014,2558547600.0,0.98,77.1786,1.0,0.0935,42.6,0.0062,0.0572,2
63,0.0351,M1400 ¯¼Â´ÅÖºû,0.1333,10.1413,0.0045,27561131781.0,0.86,6.5227,-0.02,0.117,42.27,0.7774,0.0043,1
64,-0.0112,M1400 ¯¼Â´ÅÖºû,-0.0219,0.1562,0.1839,961374786.0,2.51,4.2443,-1.29,0.077,80.01,0.2428,-0.0975,1
65,0.1098,M2500 «Ø§÷Àç³y,0.5133,2.8641,0.0197,19810240032.0,2.14,10.0144,3.16,0.0434,55.4,2.4527,0.0577,2
66,-0.0392,M9900 ¨ä¥L,0.1169,2.4895,-0.3012,4330976352.0,1.91,20.2813,1.46,0.0174,77.56,1.8474,0.0942,1
67,-0.0211,M1400 ¯¼Â´ÅÖºû,-0.0296,-0.2121,0.2372,9806611331.0,0.84,4.7317,1.37,0.0374,37.11,3.2594,0.0071,1
68,0.0131,M1400 ¯¼Â´ÅÖºû,0.0679,-0.0749,0.3068,2583254426.0,1.07,10.6834,0.02,0.4423,9.48,-0.9615,0.4169,1
69,0.1377,M1400 ¯¼Â´ÅÖºû,0.4324,13.4631,0.6371,6618374279.0,2.56,9.2236,6.67,0.1033,59.42,23.6696,-0.0497,2
70,0.1222,M1400 ¯¼Â´ÅÖºû,0.0981,-0.3797,0.1145,8045029779.0,0.81,0.8671,1.07,0.2312,56.49,3.1818,0.1746,1
71,0.0083,M1400 ¯¼Â´ÅÖºû,-0.0914,-0.5674,0.5623,1720802308.0,0.99,1.945,1.09,0.0286,71.7,1.6457,-0.0149,1
72,-0.0096,M1400 ¯¼Â´ÅÖºû,0.0868,1.0289,0.0876,3986235000.0,0.57,2.3652,0.37,0.2009,14.56,1.1352,-0.0793,1
73,-0.0116,M1400 ¯¼Â´ÅÖºû,0.0208,0.2897,0.1624,2234185213.0,0.79,6.7294,-0.11,0.28,5.85,0.7264,0.014,1
74,0.2854,M2500 «Ø§÷Àç³y,0.593,11.5622,0.8547,2421927973.0,1.1,7020.0811,0.82,0.0032,30.12,166.5918,0.1286,2
75,0.0341,M1400 ¯¼Â´ÅÖºû,-0.0153,0.0324,0.3032,2057321189.0,1.29,5.2735,0.98,0.0265,20.43,7.2238,-0.0086,1
76,0.0469,M1400 ¯¼Â´ÅÖºû,0.3645,-0.4393,0.0759,7363884063.0,1.2,3.2821,0.71,0.0054,41.24,2.8192,0.1195,1
77,0.0049,M2500 «Ø§÷Àç³y,0.2229,-0.547,0.5871,1883443980.0,1.21,6.7152,0.23,0.0059,87.59,0.2698,0.083,2
78,0.0183,M1400 ¯¼Â´ÅÖºû,0.2449,1.9072,0.5628,6590676663.0,1.16,7.4865,0.08,0.0795,55.8,-0.7414,-0.0102,1
79,-0.0652,M1400 ¯¼Â´ÅÖºû,0.183,4.1782,-0.1935,4034575204.0,1.25,10.8528,0.33,0.1474,39.98,1.4295,-0.0578,1
80,-0.0099,M1400 ¯¼Â´ÅÖºû,0.0819,-0.3701,0.1906,5598826481.0,0.98,2.8954,0.28,0.0969,53.37,0.229,-0.0987,1
81,0.0152,M1400 ¯¼Â´ÅÖºû,0.1006,-0.4034,0.341,3347735716.0,1.37,41.8462,0.55,0.0695,18.36,-0.5439,0.0347,1
82,0.0174,M1400 ¯¼Â´ÅÖºû,0.1077,0.5751,0.2241,5766673474.0,1.0,2.2724,0.75,0.0687,60.94,0.1846,-0.1505,1
83,-0.0568,M1400 ¯¼Â´ÅÖºû,0.1372,-0.0583,0.0207,1578663927.0,0.96,14.1802,1.93,0.0886,15.9,14.481,0.0241,1
84,-0.0268,M1400 ¯¼Â´ÅÖºû,-0.0262,-0.6899,0.5055,1445045160.0,1.05,2.4345,-0.34,0.0477,57.69,0.7598,-0.0436,1
85,-0.0581,M1400 ¯¼Â´ÅÖºû,0.0773,2.6456,-0.0064,2768452304.0,0.9,2.2359,0.65,0.255,64.71,1.2419,0.0284,1
86,0.0733,M1400 ¯¼Â´ÅÖºû,-0.0724,0.2413,0.519,2157450532.0,1.77,8.6443,1.75,0.0715,53.76,13.5145,-0.0705,1
87,-0.0074,M1400 ¯¼Â´ÅÖºû,0.0076,-0.4811,-0.0198,1663107897.0,1.86,8.7417,2.7,0.2223,17.35,-0.1192,-0.0089,1
88,0.0738,M2328 ¹q¤l¹s²Õ¥ó,-0.0599,-0.7105,0.6497,2241176586.0,1.67,39.6381,0.4,0.698,7.09,3.0977,-0.0469,0
89,-0.067,M2500 «Ø§÷Àç³y,0.2358,-0.3189,0.2937,3803842795.0,2.08,6.6348,1.77,0.2325,50.07,4.3704,0.0757,2
90,0.3095,M1400 ¯¼Â´ÅÖºû,0.3972,2.2926,0.6588,5716342406.0,1.12,2.4704,3.84,0.1202,31.65,1.7347,0.1245,1
91,-0.0035,M1400 ¯¼Â´ÅÖºû,0.2069,1.1864,0.2116,1818557566.0,0.76,2.4721,2.31,0.1022,42.47,5.0303,-0.0493,1
92,0.0434,M1400 ¯¼Â´ÅÖºû,0.1174,1.0468,0.3216,3775511079.0,2.43,8.9588,6.72,0.6083,23.74,0.7555,0.3632,1
93,0.0786,M1400 ¯¼Â´ÅÖºû,-0.0647,-0.0805,0.3957,134439884390.0,6.43,17.6137,4.37,0.127,30.74,0.724,0.0138,1
94,0.0172,M1400 ¯¼Â´ÅÖºû,0.0688,-0.0966,0.2244,86056585504.0,6.82,9.9972,4.71,0.1519,48.33,0.1804,0.0154,1
95,0.0365,M1500 ¹q¾÷¾÷±ñ,1.072,-0.4593,1.0917,133543102199.0,3.84,13.4649,2.14,0.0488,32.81,0.4878,0.1797,3
96,0.0566,M1500 ¹q¾÷¾÷±ñ,0.1865,0.0698,0.8612,111906544302.0,1.67,8.1505,1.07,0.1987,36.11,-0.291,-0.07,3
97,0.003,M1500 ¹q¾÷¾÷±ñ,-0.0091,-0.1571,0.2334,4896332566.0,1.81,19.6492,0.44,0.1521,10.99,-0.4074,-0.0189,3
98,-0.1,M2200 ¨T¨®¤u·~,-0.1561,0.134,0.4113,981834980.0,2.98,3.4037,-0.38,0.0402,84.12,-39.3533,-0.0497,3
99,0.1202,M1500 ¹q¾÷¾÷±ñ,0.3942,-0.3131,1.0347,82904389559.0,4.87,13.5053,2.19,0.0623,59.84,0.2804,0.0928,3
100,0.1381,M1500 ¹q¾÷¾÷±ñ,0.4477,-0.3656,1.0285,30831321899.0,5.34,14.9437,2.11,0.0776,51.56,0.5819,0.0668,3
101,-0.0083,M1500 ¹q¾÷¾÷±ñ,0.0568,0.3632,0.8889,8219098141.0,2.35,3.7582,2.7,0.3972,58.05,4.1966,0.2925,3
102,0.201,M9900 ¨ä¥L,0.1371,6.4532,0.5206,772238180.0,1.36,2.6572,3.76,0.1987,1.28,0.7235,-0.0077,1
103,-0.003,M1500 ¹q¾÷¾÷±ñ,0.0719,-0.6754,0.4525,3653005229.0,0.98,9.8069,0.11,0.2659,15.57,-4.646,-0.1129,3
104,0.2137,M1500 ¹q¾÷¾÷±ñ,0.5222,0.3682,1.0899,195840867737.0,35.13,64.4743,3.69,0.1951,69.82,1.907,0.3691,3
105,-0.0306,M2200 ¨T¨®¤u·~,-0.0632,-0.5977,0.3571,2994398253.0,1.69,2.8143,1.0,0.1227,44.04,0.6737,-0.0324,3
106,0.0689,M2200 ¨T¨®¤u·~,0.5071,-0.1849,0.4812,21302530857.0,1.71,4.1763,2.76,0.0611,61.28,2.1174,0.069,3
107,-0.0373,M2200 ¨T¨®¤u·~,0.1536,-0.2379,0.7574,5934643252.0,2.24,8.2253,3.26,0.1128,50.05,2.8807,0.0779,3
108,0.0788,M2200 ¨T¨®¤u·~,-0.0381,-0.1374,0.4933,4967845917.0,1.11,16.1011,0.84,0.3124,15.55,-0.7485,0.0056,3
109,-0.0753,M1500 ¹q¾÷¾÷±ñ,0.1075,-0.7505,0.2089,2070000000.0,1.45,12.0663,0.04,0.117,47.11,-1.0755,-0.0571,3
110,0.0162,M1500 ¹q¾÷¾÷±ñ,0.075,0.7015,0.2,5685830500.0,1.18,7.0943,2.84,0.0534,10.83,0.7658,0.0036,3
111,0.0442,M1500 ¹q¾÷¾÷±ñ,-0.1633,-0.702,0.583,2335998445.0,1.04,3.0301,-0.77,0.1362,56.51,-4.9451,0.0478,3
112,-0.0274,M1500 ¹q¾÷¾÷±ñ,0.1143,-0.0816,1.0921,5166852805.0,2.92,35.3526,-0.34,0.086,44.33,-1.364,0.0211,3
113,-0.0169,M1500 ¹q¾÷¾÷±ñ,0.0222,0.3167,0.1851,2970232121.0,0.94,8.1932,0.35,0.1054,44.24,0.1393,-0.0686,3
114,0.0511,M1500 ¹q¾÷¾÷±ñ,0.0341,-0.1012,0.1596,2451247600.0,0.66,6.6048,0.41,0.1723,14.18,1.5035,-0.0272,3
115,-0.0098,M1500 ¹q¾÷¾÷±ñ,0.295,4.5283,0.6599,20689060094.0,1.06,4.256,1.21,0.1311,68.04,22.0326,0.0321,3
116,-0.0502,M2200 ¨T¨®¤u·~,-0.0816,0.5254,0.3292,4715497205.0,2.11,6.4595,-1.22,0.0962,68.8,-0.496,0.0466,3
117,-0.0099,M1500 ¹q¾÷¾÷±ñ,0.2034,0.7447,0.794,8375056785.0,2.52,3.2161,1.76,0.1861,45.25,0.0373,-0.0001,3
118,0.0206,M2200 ¨T¨®¤u·~,0.0514,-0.2498,0.8056,14601435844.0,1.6,9.8163,0.55,0.0421,60.61,0.0745,0.0041,3
119,0.0174,M1500 ¹q¾÷¾÷±ñ,0.0875,0.0382,0.0901,11172348820.0,2.56,6.4147,3.64,0.3256,23.55,0.7145,-0.0013,3
120,0.1302,M1500 ¹q¾÷¾÷±ñ,-0.3261,-0.1556,-0.0984,834225020.0,4.97,45.1103,-6.23,0.208,26.83,-0.5304,-0.3451,3
121,-0.0063,M1500 ¹q¾÷¾÷±ñ,-0.0188,-0.3923,0.6158,1498188882.0,0.99,3.9005,1.75,0.2315,33.74,13.0518,-0.0644,3
122,0.0074,M1500 ¹q¾÷¾÷±ñ,0.1538,0.9174,0.1663,1669718463.0,1.08,13.17,3.21,0.0373,17.16,3.5528,0.1418,3
123,-0.0355,M1500 ¹q¾÷¾÷±ñ,0.019,0.3147,0.3213,2489709640.0,1.28,3.4509,1.75,0.0215,47.07,0.921,0.0615,3
124,-0.0098,M1500 ¹q¾÷¾÷±ñ,-0.0146,-0.4488,0.1718,6468514203.0,1.2,3.5846,1.66,0.2384,28.59,6.3475,-0.0154,3
125,0.2469,M1500 ¹q¾÷¾÷±ñ,0.0147,-0.2801,1.2647,34898125842.0,6.48,21.8773,2.72,0.1599,41.91,0.436,0.0768,3
126,-0.0621,M2200 ¨T¨®¤u·~,0.0277,-0.4921,0.531,3110399819.0,1.77,10.1777,3.06,0.3446,32.41,1.5915,-0.0354,3
127,0.2213,M2328 ¹q¤l¹s²Õ¥ó,0.1995,-0.0867,0.8951,13305431687.0,1.78,6.1986,2.15,0.2787,37.49,5.5216,0.0921,0
128,-0.0651,M1500 ¹q¾÷¾÷±ñ,0.0905,0.3426,0.6032,7646064804.0,1.5,8.0626,0.48,0.1167,47.71,-0.7084,-0.0622,3
129,-0.1071,M2200 ¨T¨®¤u·~,1.9766,6.7288,0.4685,5177056208.0,1.53,10.4405,0.28,0.1533,59.49,-0.5416,0.068,3
130,0.0212,M1500 ¹q¾÷¾÷±ñ,0.0543,-0.319,0.6234,5844612993.0,2.8,23.0068,1.04,0.2028,41.9,-0.0362,-0.0339,3
131,-0.0802,M3700 ¹B°Ê¥ð¶¢,0.0297,-0.0362,0.3762,5572358085.0,1.09,3.1529,0.41,0.0941,56.11,1.2907,-0.0406,1
132,0.1432,M1600 ¹q¾¹¹qÆl,0.19,0.6259,0.6953,7966438267.0,1.28,7.7389,1.09,0.0094,35.24,0.6082,0.0771,1
133,-0.0467,M1600 ¹q¾¹¹qÆl,0.0962,0.9995,0.2528,11449160000.0,1.43,4.6101,1.54,0.0466,48.32,0.2211,0.1424,1
134,0.0319,M1600 ¹q¾¹¹qÆl,0.0142,1.2818,0.7168,140013434017.0,1.07,3.4537,0.48,0.0463,42.98,-0.5855,0.0407,1
135,0.0554,M1600 ¹q¾¹¹qÆl,0.8305,1.1096,1.0202,23328271014.0,2.37,8.8994,2.24,0.011,34.24,-0.1842,0.0005,1
136,0.0537,M1600 ¹q¾¹¹qÆl,0.478,1.1029,0.5898,37575441596.0,2.15,5.5733,0.99,0.1221,64.55,-0.8633,0.1316,1
137,0.0059,M1600 ¹q¾¹¹qÆl,0.0836,1.232,0.6272,5220186080.0,1.24,18.3849,1.09,0.1742,19.5,0.4382,0.0161,1
138,0.0128,M1600 ¹q¾¹¹qÆl,0.4789,2.4222,1.062,11575831755.0,1.24,7.9413,2.14,0.2396,10.11,0.1633,0.0585,1
139,-0.0631,M1600 ¹q¾¹¹qÆl,0.2346,8.0012,-0.0579,12372381195.0,2.02,9.8459,0.26,0.0095,24.4,-0.6478,0.008,1
140,0.0581,M1600 ¹q¾¹¹qÆl,0.3759,1.3261,1.086,10720513004.0,2.96,8.2329,3.52,0.023,35.38,0.6311,0.2362,1
141,0.0119,M1600 ¹q¾¹¹qÆl,0.786,0.1203,0.3358,4852334421.0,2.1,4.799,0.95,0.115,45.3,0.5952,0.0736,1
142,0.1337,M1600 ¹q¾¹¹qÆl,0.4573,5.13,-0.7589,3999750201.0,1.43,5.8174,0.64,0.2262,37.74,-0.196,-0.0205,1
143,0.1558,M1600 ¹q¾¹¹qÆl,0.6993,0.8822,-0.2572,9842309053.0,1.32,9.9169,1.86,0.0245,19.74,1.2137,0.2939,1
144,-0.0807,M1200 ­¹«~¤u·~,0.2703,0.3054,0.2955,18573525912.0,1.73,3.3181,1.52,0.3191,58.86,1.7101,0.0092,1
145,0.0189,M1722 ¥Í§ÞÂåÀø,0.0359,-0.3045,0.3425,22061802686.0,2.29,9.3979,2.5,0.3104,22.78,-0.0783,0.0341,0
146,0.014,M1721 ¤Æ¾Ç¤u·~,0.1,1.725,0.2311,8252786220.0,1.21,5.7343,1.84,0.133,53.74,2.4786,0.0524,1
147,0.0224,M1721 ¤Æ¾Ç¤u·~,-0.0244,-0.2878,0.2383,9301817304.0,1.13,3.6534,1.56,0.036,34.76,0.9613,0.0334,1
148,-0.0339,M1721 ¤Æ¾Ç¤u·~,-0.0665,-0.2759,0.5147,15363316171.0,1.32,2.9803,0.05,0.0499,54.83,-0.963,-0.0715,1
149,-0.0403,M1721 ¤Æ¾Ç¤u·~,0.0447,-0.7194,0.4538,10786610711.0,1.3,5.6784,0.38,0.1173,33.35,-0.1806,-0.0131,1
150,0.0143,M1721 ¤Æ¾Ç¤u·~,0.156,-0.4837,0.1429,16570014903.0,2.12,3.3076,2.25,0.1461,51.33,0.0582,-0.0085,1
151,0.0788,M1721 ¤Æ¾Ç¤u·~,0.1574,0.8094,0.4206,7209015432.0,2.46,61.8295,2.03,0.0462,5.04,-0.3127,0.0799,1
152,0.0132,M1721 ¤Æ¾Ç¤u·~,0.1086,0.6443,0.1912,9640617687.0,0.7,2.0921,1.57,0.3137,27.71,1.0279,0.0085,1
153,-0.0161,M1721 ¤Æ¾Ç¤u·~,0.1007,-0.5053,0.5312,36585143247.0,1.45,3.651,0.92,0.0976,56.74,2.2602,0.0369,1
154,-0.0296,M1721 ¤Æ¾Ç¤u·~,0.0496,0.0408,0.2944,13554682190.0,0.58,1.2972,0.19,0.0197,91.09,1.0237,0.0944,1
155,0.0395,M1722 ¥Í§ÞÂåÀø,0.0149,0.0038,0.3758,11710365713.0,2.24,7.2584,3.08,0.1634,30.45,0.1978,0.052,0
156,-0.0686,M1721 ¤Æ¾Ç¤u·~,0.0484,-0.3683,0.0103,2800993994.0,1.35,5.1843,-2.04,0.1685,44.77,-0.4748,-0.0504,1
157,0.0047,M1721 ¤Æ¾Ç¤u·~,-0.0507,0.6936,0.2141,59849678000.0,1.11,18.146,0.4,0.0603,32.59,-0.362,0.0143,1
158,-0.0396,M1721 ¤Æ¾Ç¤u·~,0.0,-0.5026,0.1489,25759998156.0,3.41,14.8967,2.53,0.0624,22.74,-0.1489,-0.0247,1
159,0.085,M1721 ¤Æ¾Ç¤u·~,1.1026,0.1959,0.8904,7858309806.0,1.31,4.093,0.72,0.1047,37.31,1.3628,0.0371,1
160,-0.0037,M1721 ¤Æ¾Ç¤u·~,0.0814,2.2855,0.1348,12570001200.0,1.27,5.5003,2.04,0.1646,14.46,0.1379,0.0508,1
161,-0.0051,M1721 ¤Æ¾Ç¤u·~,0.0679,-0.7143,0.3729,3614387052.0,1.88,7.921,0.02,0.0587,31.77,-1.0205,0.0557,1
162,-0.0018,M1721 ¤Æ¾Ç¤u·~,-0.0106,-0.0525,-0.0031,3360215225.0,1.89,5.0489,2.34,0.3446,21.58,-0.2964,0.0153,1
163,0.0098,M1722 ¥Í§ÞÂåÀø,0.0658,-0.1086,0.7292,3189739900.0,1.67,7.8237,1.97,0.0548,30.55,0.098,0.138,0
164,0.0017,M1721 ¤Æ¾Ç¤u·~,-0.0696,-0.049,0.2159,1220263764.0,2.46,8.1662,0.7,0.2021,27.4,3.1016,0.0981,1
165,-0.031,M1722 ¥Í§ÞÂåÀø,0.0384,-0.0063,0.053,3404233574.0,1.96,7.5539,1.29,0.1705,26.42,-0.1845,-0.0359,0
166,0.0163,M1722 ¥Í§ÞÂåÀø,0.1235,-0.3728,0.2705,5939446720.0,1.9,7.6351,1.78,0.1611,44.46,0.3777,0.0625,0
167,0.0346,M1721 ¤Æ¾Ç¤u·~,0.0029,-0.3296,0.1586,1687697689.0,1.1,2.711,1.05,0.1196,53.89,0.4767,-0.0165,1
168,-0.0231,M3700 ¹B°Ê¥ð¶¢,0.4228,2.7966,0.8679,27433092966.0,2.29,3.4379,-0.21,0.0688,73.42,0.7868,-0.0055,1
169,-0.0174,M1200 ­¹«~¤u·~,0.0059,1.3657,0.1941,6620000000.0,1.03,8.1397,1.05,0.1821,19.93,-0.0346,0.0024,1
170,0.1494,M1722 ¥Í§ÞÂåÀø,-0.0504,-0.3595,0.4217,4487362160.0,2.13,8.4912,1.49,0.0633,38.11,-0.418,-0.0073,0
171,0.0144,M1722 ¥Í§ÞÂåÀø,-0.0798,-0.1066,0.4822,8080276080.0,5.15,16.1772,1.46,0.1499,42.34,0.933,0.0416,0
172,0.0495,M1722 ¥Í§ÞÂåÀø,-0.0752,-0.1994,0.4115,3520719860.0,1.12,13.9871,0.87,0.0236,35.32,-0.7737,0.0424,0
173,-0.0734,M1721 ¤Æ¾Ç¤u·~,0.2274,-0.6137,0.8859,41647325000.0,5.08,15.722,2.84,0.0224,36.77,0.0905,0.0555,1
174,-0.0213,M1721 ¤Æ¾Ç¤u·~,0.1121,-0.4886,0.4687,1072151746.0,1.14,3.8183,1.01,0.2808,39.58,1.5152,-0.0574,1
175,0.0161,M1722 ¥Í§ÞÂåÀø,-0.0809,-0.1275,0.4965,3790868141.0,3.01,29.8357,1.91,0.3243,9.16,-0.3607,-0.0017,0
176,0.2627,M1722 ¥Í§ÞÂåÀø,0.2921,1.3318,0.1758,6937663131.0,4.33,35.5135,2.41,0.2465,31.82,0.5774,0.0598,0
177,0.0323,M1722 ¥Í§ÞÂåÀø,0.1008,0.1114,0.2258,21793484624.0,2.08,24.6749,1.2,0.3529,12.11,2.333,0.0003,0
178,0.0,M1722 ¥Í§ÞÂåÀø,0.0293,0.0833,0.2802,73357780697.0,4.7,17.4739,3.44,0.091,49.97,-0.132,0.1187,0
179,0.0983,M1800 ¬Á¼þ³³²¡,-0.0525,-0.0438,0.5246,49873242720.0,1.02,5.0553,-0.19,0.0685,43.65,0.6944,0.0114,1
180,-0.0247,M2500 «Ø§÷Àç³y,0.2368,0.8599,0.5152,2546690030.0,2.34,1598.6755,1.49,0.0868,49.93,1.6628,0.108,2
181,-0.0093,M1800 ¬Á¼þ³³²¡,0.0047,-0.6744,0.5583,4157801216.0,0.74,4.8655,0.2,0.2328,32.33,1.3148,-0.0024,1
182,0.109,M2500 «Ø§÷Àç³y,0.0747,0.187,0.7107,46164879088.0,4.48,34.2439,0.8,0.1133,73.42,-0.6049,-0.0615,2
183,0.0726,M1800 ¬Á¼þ³³²¡,0.2861,-0.6147,0.7143,3835199353.0,1.53,6.488,0.39,0.1312,26.3,2.417,-0.0196,1
184,-0.0079,M1800 ¬Á¼þ³³²¡,0.1128,3.4708,-0.2337,5605224867.0,0.78,4.9487,-0.1,0.1014,35.47,-0.4,0.0593,1
185,0.0089,M1800 ¬Á¼þ³³²¡,0.0722,3.2941,0.2513,2727444060.0,1.29,4.7381,2.51,0.1366,21.16,1.0339,0.0397,1
186,-0.0172,M1900 ³y¯È¤u·~,0.1989,6.4428,0.6989,16460475030.0,3.76,395.6179,-0.06,0.026,53.76,0.6334,-0.0554,1
187,-0.0069,M1900 ³y¯È¤u·~,0.0017,0.1906,0.1529,31424348279.0,1.12,3.1115,0.71,0.0842,58.02,-0.1931,0.0307,1
188,-0.0352,M1900 ³y¯È¤u·~,0.0112,0.3726,0.5415,24924078142.0,1.63,4.718,0.32,0.0343,50.2,1.2747,0.0219,1
189,-0.0509,M1900 ³y¯È¤u·~,0.082,0.3308,0.1806,2468140300.0,0.54,2.6375,0.76,0.0114,35.75,2.05,-0.0711,1
190,-0.0245,M1900 ³y¯È¤u·~,0.0321,0.141,0.1879,49189833837.0,0.81,2.7446,0.46,0.0568,48.09,92.0093,0.0681,1
191,-0.0852,M1900 ³y¯È¤u·~,0.0857,0.5364,0.3738,20180823050.0,0.88,1.8682,0.47,0.03,69.25,1.0101,-0.0425,1
192,-0.07,M2000 ¿ûÅK¤u·~,0.0061,0.3997,0.402,384482637781.0,1.22,4.101,0.27,0.0276,49.9,1.8836,0.0217,1
193,-0.02,M2000 ¿ûÅK¤u·~,0.0307,-0.1419,0.2409,48514967940.0,1.73,3.2659,2.09,0.039,48.3,-0.0325,0.0267,1
194,0.0043,M2000 ¿ûÅK¤u·~,0.0802,1.7623,0.577,6075960969.0,0.96,4.2698,-1.51,0.0333,55.62,-0.5509,0.0608,1
195,-0.0061,M2000 ¿ûÅK¤u·~,0.1382,6.5544,0.0586,4532398425.0,1.28,12.8374,0.23,0.0422,54.38,-1.006,0.0164,1
196,0.0315,M2000 ¿ûÅK¤u·~,0.5433,3.0237,0.8314,17315807245.0,1.74,26.5902,0.07,0.0057,20.89,-0.7946,0.456,1
197,-0.0453,M2000 ¿ûÅK¤u·~,0.2139,1.8338,0.3915,12934066732.0,1.08,2.474,1.06,0.0272,45.24,-0.0279,0.0799,1
198,-0.026,M2000 ¿ûÅK¤u·~,0.0428,0.768,0.2758,7090368621.0,1.69,3.5131,0.92,0.1453,59.8,0.0449,-0.0263,1
199,-0.0236,M2000 ¿ûÅK¤u·~,0.1257,0.6234,0.8542,11439360000.0,2.34,2.4629,0.9,0.0034,64.51,0.2212,0.1671,1
200,-0.046,M2000 ¿ûÅK¤u·~,-0.0257,1.5742,0.6418,32505607109.0,2.0,3.5532,0.3,0.0497,52.54,-0.8482,-0.0232,1
201,0.0326,M2000 ¿ûÅK¤u·~,0.0733,0.5974,0.1115,39064928271.0,2.02,4.5975,2.25,0.027,24.54,0.0174,0.0269,1
202,-0.0325,M2000 ¿ûÅK¤u·~,-0.0032,1.0693,0.5259,6859526507.0,1.07,9.4367,3.09,0.0286,39.91,6.9196,0.1003,1
203,-0.0974,M2000 ¿ûÅK¤u·~,0.2656,-0.0333,0.473,8812273888.0,2.08,6.1996,5.0,0.0796,50.04,1.2901,0.0908,1
204,-0.0927,M2000 ¿ûÅK¤u·~,0.1086,0.2323,0.5623,4057515090.0,1.06,2.0241,0.73,0.1315,25.83,-0.2825,-0.0065,1
205,-0.0348,M2000 ¿ûÅK¤u·~,0.0162,0.2861,0.5766,29759725794.0,0.98,1.523,0.35,0.0851,66.84,1.574,-0.0179,1
206,0.0225,M2000 ¿ûÅK¤u·~,0.0584,-0.6925,0.4341,2120625000.0,1.91,8.6891,0.2,0.0652,38.43,1.058,-0.1588,1
207,0.1762,M2000 ¿ûÅK¤u·~,0.2349,-0.462,1.3434,3161535277.0,1.79,10.7208,-4.2,0.0793,5.27,-3.8107,0.1671,1
208,-0.0121,M2000 ¿ûÅK¤u·~,0.0235,0.2144,0.1223,87356119856.0,1.33,3.7677,1.2,0.0719,42.93,-0.4532,-0.0603,1
209,-0.0842,M2000 ¿ûÅK¤u·~,0.1538,2.7827,0.5668,9045523425.0,1.84,3.1473,1.79,0.0101,47.45,-0.1674,0.1417,1
210,-0.023,M2000 ¿ûÅK¤u·~,0.0107,0.2473,0.4282,8682169878.0,0.95,2.6288,1.43,0.3774,11.95,-0.0218,0.0275,1
211,-0.0349,M2000 ¿ûÅK¤u·~,0.0,0.2732,0.2185,5057575688.0,1.03,1.7605,-0.02,0.0982,59.17,-1.2144,-0.0153,1
212,0.0355,M2000 ¿ûÅK¤u·~,0.0478,-0.4185,0.5287,18795539212.0,1.66,5.4226,2.87,0.0439,57.06,0.6767,0.1591,1
213,-0.031,M2000 ¿ûÅK¤u·~,0.0476,3.6985,0.4357,2297179192.0,1.22,3.4446,0.88,0.1157,13.11,3.1753,-0.0402,1
214,-0.034,M2000 ¿ûÅK¤u·~,-0.0123,1.264,0.7683,1299182030.0,1.25,9.5717,0.32,0.0717,17.15,1.5542,0.003,1
215,-0.0175,M2000 ¿ûÅK¤u·~,-0.0154,-0.1063,0.2407,12522092142.0,1.24,4.0407,0.43,0.0317,50.95,-0.4819,-0.0756,1
216,-0.0359,M2000 ¿ûÅK¤u·~,0.051,3.1181,0.4984,3920751609.0,0.92,1.7198,0.63,0.043,58.35,-0.0876,-0.0329,1
217,-0.1111,M1500 ¹q¾÷¾÷±ñ,0.0571,-0.3742,0.759,80934821854.0,2.81,14.6981,0.76,0.1459,33.02,-0.1118,-0.0217,3
218,-0.0913,M2328 ¹q¤l¹s²Õ¥ó,0.1532,-0.3123,1.6045,120606506748.0,6.67,62.2387,6.52,0.6364,19.55,2.0301,0.137,0
219,-0.1132,M3800 ©~®a¥Í¬¡,0.1829,0.3176,0.6271,6031443635.0,0.78,3.0333,1.24,0.151,41.54,4.6052,0.0602,1
220,-0.0236,M2000 ¿ûÅK¤u·~,0.0566,0.4444,0.3403,2710341726.0,0.71,1.0966,-0.55,0.0298,58.91,-1.1913,-0.0472,1
221,0.0287,M2100 ¾ó½¦¤u·~,0.327,8.4069,0.1214,45820052939.0,3.18,23.2169,0.09,0.0365,75.39,1.0948,0.1326,1
222,0.0024,M2100 ¾ó½¦¤u·~,0.0946,2.6945,0.3688,9584916442.0,1.19,174.8147,-0.51,0.0771,48.21,0.8217,0.4154,1
223,-0.0403,M2100 ¾ó½¦¤u·~,0.0956,0.612,0.3504,19871784044.0,0.96,2.2722,0.97,0.1497,47.73,0.0203,0.1058,1
224,-0.0522,M2100 ¾ó½¦¤u·~,-0.0136,-0.2295,0.3163,17823678613.0,0.5,4.0295,-0.16,0.1369,39.49,-12.492,0.0284,1
225,-0.0339,M2100 ¾ó½¦¤u·~,0.1574,0.0709,0.361,163699588107.0,1.97,6.9151,1.7,0.1769,41.68,0.402,-0.0207,1
226,-0.03,M2100 ¾ó½¦¤u·~,0.1686,0.6137,0.3594,32436753899.0,1.54,3.926,1.21,0.1723,56.13,2.148,-0.0032,1
227,-0.0056,M2100 ¾ó½¦¤u·~,0.1245,1.678,0.263,7700494794.0,0.57,28.3779,0.76,0.0474,14.28,1.1023,0.0815,1
228,0.0642,M2100 ¾ó½¦¤u·~,-0.05,0.187,0.3312,15842865862.0,1.16,7.2577,0.98,0.5003,12.55,-0.4161,0.0142,1
229,0.067,M2100 ¾ó½¦¤u·~,0.2936,0.0416,0.2692,4807850010.0,1.44,4.2924,2.58,0.3386,38.12,0.9557,-0.023,1
230,-0.0156,M2100 ¾ó½¦¤u·~,0.0142,-0.1971,0.097,8006449260.0,2.72,23.8028,2.55,0.2153,17.71,0.0335,0.0523,1
231,-0.0539,M2200 ¨T¨®¤u·~,0.0393,0.6201,0.5159,74453362048.0,1.18,3.6065,0.45,0.0331,76.38,-0.2783,0.056,3
232,-0.0766,M2200 ¨T¨®¤u·~,0.1638,0.0541,0.7661,71262508681.0,2.11,5.8147,2.56,0.1048,27.07,-0.1543,0.1028,3
233,-0.0279,M2200 ¨T¨®¤u·~,0.1,0.7275,0.2658,59894499721.0,2.49,3.5615,2.45,0.1359,56.78,0.0244,0.0805,3
234,0.0063,M2200 ¨T¨®¤u·~,-0.0174,0.0653,0.3281,336228957805.0,5.45,4.8502,1.68,0.0429,79.85,0.1623,0.1632,3
235,-0.0789,M2600 ¯è¹B·~,0.0358,-0.2813,0.3907,23961341641.0,2.11,6.3997,-0.77,0.1381,69.28,0.7997,-0.2017,3
236,-0.0068,M2000 ¿ûÅK¤u·~,0.3886,-0.123,0.724,58277061939.0,2.05,20.8401,1.57,0.0725,23.08,-0.009,0.1696,1
237,-0.0217,M2200 ¨T¨®¤u·~,-0.1976,-0.5473,0.5937,39640950000.0,2.07,5.2186,2.57,0.2958,21.58,0.5534,-0.0387,3
238,-0.0303,M2200 ¨T¨®¤u·~,0.3128,1.0853,0.4957,8624505651.0,1.61,6.9386,4.27,0.2934,25.67,1.7967,0.0844,3
239,0.1991,M2200 ¨T¨®¤u·~,-0.1692,0.0849,0.1551,14865173000.0,3.87,13.9882,1.37,0.1216,48.86,-0.2266,0.0731,3
240,-0.0147,M2200 ¨T¨®¤u·~,-0.0289,-0.5786,0.5895,7781932269.0,2.07,8.9922,2.83,0.2391,30.39,0.5374,0.1158,3
241,-0.0646,M2200 ¨T¨®¤u·~,0.5311,1.6023,0.5935,5156893686.0,2.66,27.868,-1.32,0.0572,37.39,0.5113,-0.0371,3
242,-0.0138,M2200 ¨T¨®¤u·~,0.1162,-0.1486,0.319,24887426233.0,2.17,1.8478,1.91,0.3027,48.0,0.0386,0.0311,3
243,0.0287,M2325 ¹q¸£¤Î¶gÃä,-0.0164,-0.3697,0.7436,235017698370.0,2.85,8.1674,1.42,0.4579,54.57,0.0148,0.0056,3
244,0.0225,M2324 ¥b¾ÉÅé,-0.0303,-0.6739,0.4019,2878403525.0,1.66,19.7236,0.78,0.2448,25.93,0.7232,0.1063,1
245,0.0806,M2324 ¥b¾ÉÅé,0.0528,-0.3215,0.7363,616110581751.0,1.73,11.2774,1.91,0.2106,33.3,-0.3539,0.0317,0
246,0.038,M2325 ¹q¸£¤Î¶gÃä,-0.0675,-0.7649,0.3346,4545104277.0,2.25,26.1741,1.18,0.1659,21.83,4.4722,0.0073,3
247,0.0978,M2328 ¹q¤l¹s²Õ¥ó,0.1213,-0.3098,1.1878,813479917464.0,4.2,8.9102,1.56,0.2059,45.62,-0.1656,0.1067,0
248,0.1254,M2331 ¨ä¥L¹q¤l·~,0.0596,-0.0831,0.6687,23680804866.0,1.06,0.7195,0.83,0.1399,68.83,0.7644,-0.0678,1
249,0.0167,M2328 ¹q¤l¹s²Õ¥ó,0.0014,-0.5262,0.8361,83001961280.0,2.43,5.3354,1.36,0.1498,51.19,1.7754,0.0856,0
250,0.1161,M2327 ³q«Hºô¸ô·~,-0.0866,-0.3543,0.6968,7573451016.0,4.96,17.5704,-3.09,0.1946,66.49,-1.8689,-0.1775,1
251,0.1012,M2328 ¹q¤l¹s²Õ¥ó,0.2757,0.2406,1.0914,8086506281.0,0.86,9.9931,1.33,0.1479,36.96,6.0243,0.0947,0
252,0.1314,M2331 ¨ä¥L¹q¤l·~,0.6881,-0.1355,1.2759,2309321802747.0,1.4,1.7466,0.87,0.3083,55.19,0.7161,0.0312,1
253,0.0,M2327 ³q«Hºô¸ô·~,0.0461,0.8986,0.2416,481323671.0,1.16,2.94,-0.3,0.1152,66.48,0.5503,-0.2176,1
254,-0.004,M2326 ¥ú¹q·~,0.1745,0.2748,0.4785,12847447376.0,0.72,6.9834,-0.99,0.0968,26.23,-1.3962,0.0692,1
255,-0.0364,M2325 ¹q¸£¤Î¶gÃä,0.054,-0.4168,0.5873,154902830290.0,1.33,0.7762,0.71,0.1907,70.01,0.3571,-0.0108,3
256,0.0943,M2328 ¹q¤l¹s²Õ¥ó,0.1434,0.1854,0.5055,266389552718.0,1.83,9.3455,1.53,0.1377,59.6,0.1155,0.1975,0
257,0.1429,M2328 ¹q¤l¹s²Õ¥ó,0.0809,-0.3394,0.5575,17364807786.0,1.42,3.7338,0.87,0.2748,36.76,-0.4281,-0.0198,0
258,-0.0194,M2324 ¥b¾ÉÅé,-0.1605,-0.6494,1.0485,48126547899.0,3.29,11.5245,2.67,0.2223,42.51,1.7785,0.1895,0
259,0.0863,M2324 ¥b¾ÉÅé,0.2094,-0.1564,1.662,21394800557809.0,5.56,36.1006,4.02,0.2934,36.67,0.0894,0.1471,0
260,0.0132,M2325 ¹q¸£¤Î¶gÃä,0.1334,0.2515,1.0114,18086722986.0,1.4,5.2286,0.2,0.1553,48.4,6.8833,0.1018,3
261,0.0295,M2327 ³q«Hºô¸ô·~,-0.0799,-0.4674,0.5515,10444279307.0,1.27,2.931,-0.23,0.2455,31.62,-1.3803,0.0791,1
262,-0.0476,M2324 ¥b¾ÉÅé,-0.0508,0.2624,0.4642,49376860620.0,1.04,8.5717,-1.31,0.1376,38.61,-2.0378,-0.0473,1
263,0.0565,M2324 ¥b¾ÉÅé,-0.0172,0.6845,0.9245,17159329331.0,3.2,9.2751,3.03,0.0697,76.14,2.2406,0.1551,3
264,0.0488,M2324 ¥b¾ÉÅé,-0.1218,-0.3093,0.7733,16409275429.0,2.09,17.1405,-0.24,0.2113,36.89,-1.5084,0.2549,0
265,0.0203,M2324 ¥b¾ÉÅé,-0.0047,-0.5674,0.6075,4997187872.0,2.15,14.2144,-0.24,0.441,30.07,0.7886,-0.1254,0
266,-0.0446,M2324 ¥b¾ÉÅé,-0.0323,-0.0867,0.9579,113940004887.0,1.25,5.6626,-0.02,0.0739,46.82,0.5408,0.009,0
267,0.1464,M2327 ³q«Hºô¸ô·~,-0.1289,-0.1089,1.0409,258279201282.0,8.56,13.7035,3.72,0.2113,53.37,0.1013,0.4132,1
268,-0.0428,M2329 ¹q¤l³q¸ô·~,0.1849,0.1047,0.2631,139142971580.0,1.87,1.3386,1.27,0.1163,65.37,0.2687,0.0281,3
269,0.215,M9900 ¨ä¥L,0.9335,2.5744,0.5257,26410349214.0,1.87,11.5942,3.24,0.1625,69.76,29.227,0.1657,1
270,0.1818,M2326 ¥ú¹q·~,-0.0316,0.4365,0.5156,5313586219.0,0.98,2.8224,0.6,0.2233,45.84,1.1629,-0.0079,1
271,0.1732,M2324 ¥b¾ÉÅé,0.133,1.4148,1.0367,20488483045.0,2.52,8.593,1.54,0.0828,40.27,-0.2579,-0.0397,0
272,-0.0381,M2325 ¹q¸£¤Î¶gÃä,-0.1754,-0.5282,0.4035,73250694192.0,2.41,1.5614,0.38,0.1521,67.57,-0.207,-0.043,3
273,0.0184,M2325 ¹q¸£¤Î¶gÃä,0.0446,-0.0529,0.7348,141715754655.0,1.93,2.409,0.68,0.2042,63.71,1.3342,0.1664,3
274,0.1337,M2331 ¨ä¥L¹q¤l·~,0.2166,-0.3428,0.7576,83199170302.0,0.85,9.4116,0.66,0.2382,20.44,0.1102,-0.0591,1
275,0.0317,M2328 ¹q¤l¹s²Õ¥ó,-0.0716,-0.5997,0.5931,16796685716.0,1.11,4.0952,1.49,0.1584,27.95,6.7075,0.0361,0
276,0.0073,M2325 ¹q¸£¤Î¶gÃä,-0.0603,-0.4573,0.9073,190372234357.0,3.58,1.4587,0.82,0.1563,76.57,0.2369,0.0929,3
277,-0.0228,M2325 ¹q¸£¤Î¶gÃä,0.0733,0.0502,0.6205,357061504426.0,1.23,2.9339,1.29,0.1437,44.27,4.2382,0.0807,3
278,0.3038,M2331 ¨ä¥L¹q¤l·~,2.4861,1.0093,1.1709,21295195713.0,2.43,26.9368,0.48,0.1917,40.35,-0.0536,0.0716,1
279,0.1533,M2331 ¨ä¥L¹q¤l·~,0.2131,-0.601,1.1278,104159921991.0,5.32,23.5759,2.89,0.1361,39.68,0.0194,0.0617,1
280,-0.0773,M2325 ¹q¸£¤Î¶gÃä,0.3615,0.5426,0.8665,35608293444.0,0.6,6.4417,1.04,0.0542,56.93,1.2992,0.0592,3
281,-0.0352,M2324 ¥b¾ÉÅé,0.3547,3.4269,0.5327,43863138136.0,1.51,1279.0697,-0.43,0.145,0.65,0.1767,-0.0082,1
282,-0.007,M2325 ¹q¸£¤Î¶gÃä,-0.1657,-0.6048,0.8796,2637850030.0,5.82,10.4608,2.31,0.2701,66.22,0.5081,0.1161,3
283,0.3758,M2325 ¹q¸£¤Î¶gÃä,0.0161,-0.5178,0.8737,4883950140.0,1.51,21.8374,1.02,0.2371,15.45,0.8737,0.0543,3
284,0.0141,M2328 ¹q¤l¹s²Õ¥ó,0.8421,0.0626,1.4904,24540735227.0,1.73,5.8945,1.45,0.0384,55.08,1.6973,-0.008,0
285,-0.0702,M2328 ¹q¤l¹s²Õ¥ó,-0.2839,-0.2598,0.9697,94480303185.0,7.25,10.4728,3.67,0.2391,52.45,1.8289,0.2381,0
286,0.0254,M2324 ¥b¾ÉÅé,-0.1644,-0.8399,0.7809,7998151533.0,1.69,5.9036,-0.54,0.1405,27.98,0.0104,-0.0906,1
287,-0.0479,M1500 ¹q¾÷¾÷±ñ,0.2916,1.5996,0.1524,139904293763.0,2.46,12.9297,0.57,0.0908,53.81,0.4151,0.0363,3
288,-0.0013,M2331 ¨ä¥L¹q¤l·~,0.0041,-0.3064,0.1147,16615359065.0,2.59,6.169,1.19,0.1306,55.59,-0.0496,-0.0169,1
289,0.0247,M2326 ¥ú¹q·~,1.1245,8.0283,0.7842,14569636850.0,1.15,11.5652,1.64,0.2836,24.85,3.2912,0.0817,1
290,0.0843,M2328 ¹q¤l¹s²Õ¥ó,0.0249,0.6595,0.6885,7068091578.0,0.73,6.063,0.64,0.0945,38.21,5.7666,-0.1937,0
291,0.0,M2325 ¹q¸£¤Î¶gÃä,-0.1606,-0.4387,0.8507,203287696812.0,5.06,3.6859,2.2,0.1569,63.75,0.975,0.6793,3
292,0.0497,M2325 ¹q¸£¤Î¶gÃä,-0.1244,-0.2414,1.0773,138374941524.0,2.96,2.9054,2.69,0.2147,49.06,0.0112,0.0135,3
293,0.0596,M2324 ¥b¾ÉÅé,0.1322,-0.4167,0.9313,264053897360.0,6.04,10.3054,3.26,0.1017,52.4,0.745,-0.0709,0
294,0.107,M2325 ¹q¸£¤Î¶gÃä,0.0134,-0.4738,0.1575,1475151771.0,1.73,1.8357,0.34,0.1695,66.62,1.0645,-0.0348,3
295,0.0,M2325 ¹q¸£¤Î¶gÃä,0.1121,-0.0752,1.3164,1108574072984.0,6.72,4.2812,1.88,0.273,76.2,0.8641,0.0561,3
296,0.0794,M2328 ¹q¤l¹s²Õ¥ó,-0.2284,-0.1353,0.8323,142567289229.0,5.35,11.0496,3.65,0.213,56.2,3.124,0.2821,0
297,-0.0052,M2328 ¹q¤l¹s²Õ¥ó,0.1672,-0.58,0.9813,140062902557.0,4.58,6.1308,2.24,0.2599,54.49,0.1989,0.1467,0
298,-0.0444,M2325 ¹q¸£¤Î¶gÃä,0.0471,-0.5637,0.449,11552887537.0,1.26,2.3166,1.23,0.2159,45.76,6.691,0.0044,3
299,0.0,M2324 ¥b¾ÉÅé,-0.1654,-0.0245,1.0369,62999090894.0,4.52,29.1314,0.47,0.4492,36.61,1.9309,-0.0566,0
300,0.0383,M2331 ¨ä¥L¹q¤l·~,-0.113,-0.4888,0.724,2494421774.0,1.04,15.9042,-4.45,0.1688,13.98,-0.5383,-0.0484,1
301,0.5181,M2328 ¹q¤l¹s²Õ¥ó,0.2042,0.4822,0.8893,25803653729.0,0.99,1.3594,0.63,0.158,64.42,1.6031,0.1909,0
302,0.0774,M2326 ¥ú¹q·~,0.423,1.3713,0.8094,29679136962.0,1.22,6.0241,2.85,0.2104,27.83,0.6076,0.0676,1
303,0.0084,M2325 ¹q¸£¤Î¶gÃä,-0.0743,-0.1267,0.6055,298967351334.0,8.11,21.5406,2.84,0.1802,39.12,-0.3265,0.0211,3
304,0.137,M2325 ¹q¸£¤Î¶gÃä,0.0076,0.7366,0.1846,7307159707.0,2.6,3.8334,0.71,0.1728,47.5,-0.5859,-0.2795,3
305,0.0407,M2325 ¹q¸£¤Î¶gÃä,-0.1557,-0.7836,0.6805,3668860000.0,1.89,5.8415,1.2,0.1758,19.76,0.2603,-0.0394,3
306,0.1802,M2324 ¥b¾ÉÅé,-0.0492,0.8804,0.6503,17730247824.0,1.92,13.1651,2.28,0.3118,23.39,3.5168,-0.0364,1
307,0.0528,M2328 ¹q¤l¹s²Õ¥ó,-0.0478,0.2104,0.359,9788272772.0,1.75,4.8955,0.95,0.1929,45.9,1.4294,0.1751,0
308,-0.0366,M2331 ¨ä¥L¹q¤l·~,0.25,-0.3655,1.3419,65647683419.0,7.83,5.3573,2.78,0.1884,80.24,0.1301,0.4294,1
309,0.0534,M2325 ¹q¸£¤Î¶gÃä,0.0826,-0.6052,0.6723,6700232339.0,1.75,15.1384,0.54,0.2452,15.03,4.466,0.0444,3
310,0.0138,M2326 ¥ú¹q·~,0.3171,0.9517,0.4518,7579562882.0,1.69,4.6131,0.21,0.1232,45.14,1.3268,0.177,1
311,0.0185,M2324 ¥b¾ÉÅé,-0.0122,-0.1906,1.1854,200171361952.0,1.25,21.0642,-0.59,0.3196,13.97,0.2827,-0.0135,1
312,0.0,M2326 ¥ú¹q·~,0.0168,0.4517,0.5658,132115288783.0,0.92,2.2213,-0.77,0.2291,59.06,0.6768,-0.0037,1
313,0.0159,M2327 ³q«Hºô¸ô·~,0.0372,0.1073,0.0897,936634095843.0,2.49,17.0472,1.84,0.0631,23.42,-0.0261,0.0073,1
314,-0.0266,M2328 ¹q¤l¹s²Õ¥ó,-0.169,-0.5814,0.6472,3041643358.0,1.62,3.6143,0.32,0.1408,55.25,-0.7887,-0.1572,0
315,0.0231,M2329 ¹q¤l³q¸ô·~,0.0972,-0.1825,0.2342,5611667781.0,1.85,1.0687,1.22,0.0849,50.87,-0.079,-0.0458,3
316,-0.033,M2328 ¹q¤l¹s²Õ¥ó,-0.0404,-0.32,0.4265,2461500000.0,1.68,4.1306,0.46,0.0502,67.07,2.3672,0.0311,0
317,0.1693,M2325 ¹q¸£¤Î¶gÃä,0.1143,-0.756,1.604,5822220170.0,2.29,7.6323,0.15,0.3892,27.27,0.9401,-0.0417,3
318,-0.0192,M2327 ³q«Hºô¸ô·~,-0.0129,-0.55,0.9111,9774084526.0,2.06,4.6327,0.25,0.2652,48.37,-2.027,-0.0362,1
319,0.1672,M2328 ¹q¤l¹s²Õ¥ó,0.1835,-0.288,0.2896,8372032558.0,2.11,15.063,3.51,0.2007,30.82,0.4306,0.0026,0
320,-0.0132,M2328 ¹q¤l¹s²Õ¥ó,-0.1848,-0.6409,0.6164,29796773790.0,4.67,9.7373,2.56,0.3348,42.28,0.1743,0.1646,0
321,0.0487,M2331 ¨ä¥L¹q¤l·~,0.0884,0.7419,0.3943,5678151718.0,2.34,8.747,2.33,0.122,32.19,0.066,-0.0047,1
322,0.0513,M2327 ³q«Hºô¸ô·~,-0.052,-0.6692,0.3586,1627341250.0,5.82,75.2702,-9.4,0.315,57.07,-0.7657,0.3338,4
323,0.0187,M2325 ¹q¸£¤Î¶gÃä,-0.197,-0.5924,0.8175,3537319048.0,1.88,3.0081,0.62,0.3974,30.6,-0.0438,0.0598,3
324,0.0855,M2326 ¥ú¹q·~,-0.094,-0.5536,0.422,5161022698.0,1.44,9.3052,-0.23,0.2125,23.13,0.5632,-0.0773,1
325,0.1463,M2330 ¸ê°TªA°È·~,0.1263,6.282,0.515,5204519350.0,1.47,3.434,1.66,0.052,53.93,0.3396,0.2046,1
326,0.0476,M2328 ¹q¤l¹s²Õ¥ó,0.0538,-0.4601,0.6727,20687758296.0,2.15,13.2511,2.36,0.21,30.74,0.1108,0.0939,0
327,0.1436,M2326 ¥ú¹q·~,-0.0652,-0.7444,0.1243,1239758550.0,3.89,20.7592,-3.07,0.1218,40.7,0.1912,-0.5504,1
328,-0.0312,M2329 ¹q¤l³q¸ô·~,-0.0027,-0.4981,0.2639,4079753920.0,1.0,0.8735,0.46,0.1176,71.27,-0.5116,0.0217,3
329,-0.0082,M2328 ¹q¤l¹s²Õ¥ó,-0.0397,-0.7533,0.3232,1342216869.0,1.09,13.3518,-1.33,0.4573,12.19,-0.0902,-0.1461,0
330,0.0019,M2331 ¨ä¥L¹q¤l·~,0.0309,-0.082,0.0646,7265692921.0,2.24,10.7268,1.12,0.0691,45.87,-0.1017,-0.0215,1
331,-0.0089,M2324 ¥b¾ÉÅé,0.0181,0.1377,-0.008,1250600000.0,2.29,127.7818,7.45,0.0363,26.82,4.6724,0.0526,1
332,0.038,M2324 ¥b¾ÉÅé,-0.1213,-0.416,0.7746,10490703866.0,3.11,15.7753,1.72,0.2138,30.15,1.3042,0.0292,0
333,0.8173,M2326 ¥ú¹q·~,-0.1217,-0.5264,0.9664,1411485628.0,3.23,22.5553,-2.91,0.1321,53.78,-3.3459,0.6715,1
334,0.0078,M2327 ³q«Hºô¸ô·~,0.1991,0.2728,0.5721,31130080688.0,2.1,3.7275,1.29,0.2643,61.14,5.5192,0.1612,1
335,-0.0822,M2328 ¹q¤l¹s²Õ¥ó,0.2903,1.2078,0.1483,2504110878.0,1.47,3.1952,0.03,0.2124,43.26,0.7595,0.0779,0
336,-0.0064,M2324 ¥b¾ÉÅé,0.0471,-0.5122,0.4967,34028306110.0,1.54,9.779,2.09,0.2156,11.15,0.4701,0.0293,1
337,0.1062,M2500 «Ø§÷Àç³y,0.0916,0.8231,1.0115,7452341939.0,1.52,21.9587,1.05,0.0688,69.18,3.4171,0.067,2
338,0.1176,M2327 ³q«Hºô¸ô·~,-0.0791,-0.2726,0.312,1183285525.0,1.2,3.8053,0.55,0.2416,50.16,0.7785,-0.0621,1
339,0.1269,M2324 ¥b¾ÉÅé,-0.0105,-0.326,1.2827,100748935552.0,3.15,12.2644,2.03,0.1842,45.53,0.1501,0.0491,0
340,0.0025,M2327 ³q«Hºô¸ô·~,0.0462,-0.3585,0.1359,9718021658.0,1.67,1.1947,1.35,0.2299,42.16,-0.3136,0.0482,1
341,0.1683,M2324 ¥b¾ÉÅé,0.3038,0.4849,0.6759,42421444223.0,2.12,15.526,3.55,0.0786,22.23,2.4728,0.0597,1
342,0.0065,M2330 ¸ê°TªA°È·~,0.0876,-0.5985,0.4215,5750260000.0,3.13,4.1088,1.92,0.1887,54.31,0.0147,0.0269,1
343,0.1822,M2324 ¥b¾ÉÅé,0.1883,-0.2747,1.5014,1772786839573.0,5.18,13.2835,4.94,0.2214,42.09,0.8689,0.0571,0
344,0.0969,M2327 ³q«Hºô¸ô·~,-0.0238,-0.6186,1.0986,26195584422.0,9.61,31.2823,4.23,0.2245,30.46,15.4222,0.0708,1
345,0.012,M2328 ¹q¤l¹s²Õ¥ó,-0.1192,-0.3734,0.7145,21344816592.0,2.36,9.1128,0.52,0.359,34.72,0.5337,0.0251,0
346,0.0287,M2324 ¥b¾ÉÅé,0.0704,-0.089,0.3655,44994658002.0,5.42,14.4868,4.48,0.2187,39.07,1.2275,0.1054,0
347,0.0223,M2331 ¨ä¥L¹q¤l·~,0.1203,0.6397,0.0354,7178917886.0,1.43,5.3516,1.72,0.1563,39.3,0.2924,-0.0322,1
348,0.0599,M2328 ¹q¤l¹s²Õ¥ó,0.0063,-0.7586,1.0791,5414400000.0,2.81,8.8319,-1.11,0.1942,61.38,-0.8217,0.1168,0
349,0.008,M2331 ¨ä¥L¹q¤l·~,0.0641,0.4977,0.386,4177041278.0,1.38,2.9284,-0.41,0.1504,50.02,-0.6904,-0.0152,1
350,0.0429,M2328 ¹q¤l¹s²Õ¥ó,-0.0429,-0.7091,0.5535,4867340562.0,1.67,5.9824,1.23,0.136,45.62,0.4355,0.2072,0
351,0.225,M2331 ¨ä¥L¹q¤l·~,0.3333,0.2849,1.492,10258652249.0,2.18,7.1689,0.22,0.1799,63.07,0.0817,-0.0838,1
352,0.0158,M2325 ¹q¸£¤Î¶gÃä,0.1691,0.6287,1.3144,10157469751.0,10.82,10.8079,-2.66,0.1072,71.91,-0.2155,0.7906,3
353,0.004,M2326 ¥ú¹q·~,0.004,-0.206,0.4059,6386836463.0,3.35,49.6512,-1.07,0.1343,57.93,-1.523,0.0218,1
354,0.0102,M2328 ¹q¤l¹s²Õ¥ó,0.3343,-0.1977,1.6654,20328158933.0,5.54,18.822,2.18,0.1894,58.18,0.3199,0.1774,0
355,-0.0276,M2330 ¸ê°TªA°È·~,-0.0183,-0.5751,0.641,1818467765.0,1.69,3.6383,0.97,0.0836,35.96,0.4942,-0.1038,1
356,0.0195,M2330 ¸ê°TªA°È·~,0.0294,-0.7361,0.4342,2506667652.0,3.03,15.1664,0.67,0.4697,35.14,0.1216,0.0398,1
357,0.0282,M2328 ¹q¤l¹s²Õ¥ó,0.0804,1.0249,0.698,12396269639.0,1.58,5.6611,2.46,0.1866,27.39,0.4165,0.0428,0
358,-0.0191,M2331 ¨ä¥L¹q¤l·~,0.1913,-0.0936,0.2449,149514426309.0,0.89,40.8587,1.91,0.1277,34.63,4.1773,0.0502,1
359,0.1425,M2328 ¹q¤l¹s²Õ¥ó,0.224,-0.0303,0.7463,18658148735.0,1.99,13.2846,2.35,0.4675,31.73,4.0938,0.2886,0
360,-0.0159,M2331 ¨ä¥L¹q¤l·~,0.1305,0.1701,0.3105,3441039395.0,0.8,8.0173,0.4,0.1516,44.98,1.2325,0.0269,1
361,0.0374,M2328 ¹q¤l¹s²Õ¥ó,0.0856,0.576,0.2854,7050731911.0,1.02,6.5525,1.44,0.2027,29.65,0.5929,0.0274,0
362,-0.004,M2330 ¸ê°TªA°È·~,0.0455,-0.4916,0.2833,12751131119.0,4.92,7.2719,3.1,0.2222,58.02,-0.025,0.0115,1
363,0.0262,M2324 ¥b¾ÉÅé,-0.0824,-0.1755,0.8715,21246392383.0,1.64,7.3033,0.94,0.0939,50.05,0.3699,0.0285,0
364,0.1197,M2331 ¨ä¥L¹q¤l·~,0.0624,0.6375,1.1618,2651485743.0,1.93,19.1914,3.26,0.3741,19.17,-0.3602,0.0307,1
365,0.0494,M2328 ¹q¤l¹s²Õ¥ó,0.032,-0.1384,0.2865,2592897967.0,1.01,6.1866,0.43,0.1357,39.82,4.4798,-0.0536,0
366,-0.0062,M2328 ¹q¤l¹s²Õ¥ó,-0.0245,-0.8206,0.5808,4820269963.0,1.35,9.2085,0.78,0.1918,20.74,-0.5541,-0.0717,0
367,0.0372,M2327 ³q«Hºô¸ô·~,-0.0612,-0.6339,0.6968,6337896288.0,1.11,6.4473,-1.23,0.2718,27.41,-0.8007,-0.0049,1
368,0.5693,M2326 ¥ú¹q·~,0.5816,0.5497,0.7987,18119179505.0,3.09,15.454,0.07,0.2248,43.48,-1.3703,0.0528,1
369,0.018,M2331 ¨ä¥L¹q¤l·~,0.1746,-0.2072,0.379,3536630934.0,1.42,8.2857,1.67,0.264,28.43,0.5558,0.1374,1
370,0.2087,M2326 ¥ú¹q·~,0.1734,-0.4067,0.2998,10993016000.0,0.77,2.5311,2.75,0.1623,37.07,0.0204,0.0973,1
371,0.0336,M2326 ¥ú¹q·~,0.0536,-0.5195,0.4638,1209618000.0,1.41,25.2968,1.32,0.0571,11.85,-0.4123,0.0302,1
372,0.0489,M2328 ¹q¤l¹s²Õ¥ó,0.0,0.3774,0.7427,53175704757.0,1.13,6.5217,0.96,0.107,39.28,1.2394,0.057,0
373,0.0119,M2328 ¹q¤l¹s²Õ¥ó,0.0712,0.2763,0.7627,9964395416.0,3.92,11.5887,3.34,0.1818,46.29,-0.0887,0.0535,0
374,0.1792,M2325 ¹q¸£¤Î¶gÃä,0.1244,-0.6217,0.825,6286515250.0,1.36,17.796,1.97,0.0384,34.59,0.761,0.0213,3
375,-0.0273,M9900 ¨ä¥L,0.3529,-0.2572,0.3004,1367931492.0,1.76,7.166,2.13,0.1352,40.71,0.5741,0.0447,1
376,0.064,M2200 ¨T¨®¤u·~,-0.0523,1.183,0.5513,6561223529.0,2.99,7.8013,1.74,0.1923,46.08,0.3612,0.0061,3
377,0.0512,M2327 ³q«Hºô¸ô·~,-0.1368,-0.2474,0.7328,35557026561.0,1.69,59.7667,-1.83,0.2278,49.96,-0.3163,-0.0079,1
378,-0.0204,M2500 «Ø§÷Àç³y,0.7798,16.4091,0.8662,38562478534.0,0.92,5.4721,0.79,0.087,65.1,2.9667,0.0698,2
379,0.0435,M2500 «Ø§÷Àç³y,0.5546,1.3993,0.0935,51324218000.0,1.76,9.9679,2.15,0.064,34.97,-0.025,0.0525,2
380,0.009,M2500 «Ø§÷Àç³y,0.2837,2.763,0.2347,10332922000.0,1.04,64.6656,0.32,0.088,46.87,-0.3414,0.117,2
381,0.0876,M2500 «Ø§÷Àç³y,0.135,5.9975,0.7216,4320738900.0,0.57,7.6881,-0.33,0.0587,34.9,-2.3034,-0.081,2
382,0.0342,M2500 «Ø§÷Àç³y,0.3295,14.2416,0.5353,5209572296.0,1.0,88.7627,-0.21,0.0938,56.75,-0.0602,0.1873,2
383,0.0246,M2500 «Ø§÷Àç³y,0.1627,2.3673,0.8106,19164339161.0,0.66,11.2338,0.42,0.1816,43.61,-0.2236,-0.0285,2
384,0.2618,M9900 ¨ä¥L,0.2065,2.9506,0.3063,7381437499.0,0.53,1.1426,1.46,0.1044,50.98,31.4851,0.5004,1
385,0.0251,M2500 «Ø§÷Àç³y,0.2431,3.0122,0.6252,23388475121.0,0.96,4.7527,0.29,0.0504,58.75,0.0478,0.2015,2
386,0.0215,M2500 «Ø§÷Àç³y,-0.0372,0.0818,0.6761,2636144024.0,1.64,1.3339,0.83,0.162,74.8,-0.176,0.0015,2
387,0.0936,M2500 «Ø§÷Àç³y,0.3756,7.3469,0.4422,29202990926.0,1.17,6.0673,1.59,0.2245,59.91,0.5666,0.0458,2
388,0.1332,M2500 «Ø§÷Àç³y,0.5924,2.29,0.857,18470980000.0,0.9,20.7033,0.72,0.0196,51.88,2.2473,0.0511,2
389,0.0787,M2500 «Ø§÷Àç³y,0.484,2.8811,1.0577,11470245896.0,0.87,26.7524,0.21,0.0188,57.06,1.1133,0.4136,2
390,0.0053,M2500 «Ø§÷Àç³y,0.195,0.4396,-0.056,18450630456.0,3.48,188271.7393,-0.14,0.0051,77.91,-1.1186,0.2243,4
391,0.0509,M2500 «Ø§÷Àç³y,0.2425,0.2969,0.3012,37546707611.0,3.64,48.9959,0.82,0.0523,57.69,20.6202,0.1819,2
392,0.0823,M2500 «Ø§÷Àç³y,0.2481,6.0098,0.2735,11368477434.0,0.7,31.3282,0.29,0.0305,54.43,-0.8648,0.0662,2
393,0.0522,M2500 «Ø§÷Àç³y,0.1764,2.338,0.3849,14487477235.0,1.81,4.317,0.97,0.1874,64.75,-0.1212,0.0992,2
394,0.0143,M2500 «Ø§÷Àç³y,0.1844,8.7358,0.452,11479968204.0,0.87,33.5488,0.12,0.0252,70.7,0.8177,0.0451,2
395,0.5078,M2500 «Ø§÷Àç³y,0.5714,4.0518,0.7654,4793896830.0,0.87,14.4262,0.26,0.0219,74.59,1.6464,0.08,2
396,0.1134,M2500 «Ø§÷Àç³y,0.1177,2.9567,0.6117,7241499357.0,1.07,128.1568,0.86,0.0565,69.37,-0.7923,-0.0679,2
397,0.0768,M2500 «Ø§÷Àç³y,0.3268,-0.1876,0.2605,57484278914.0,5.04,44.3375,1.54,0.0145,54.78,-0.1501,0.271,2
398,0.2062,M2500 «Ø§÷Àç³y,0.8076,5.0191,1.1528,72080587803.0,3.53,30.9436,1.85,0.0813,69.82,3.3335,0.3089,2
399,0.1479,M2500 «Ø§÷Àç³y,0.1253,2.2819,0.1487,82832582819.0,1.64,15.8983,0.44,0.0596,75.75,-0.4239,0.0305,2
400,0.2154,M2500 «Ø§÷Àç³y,0.7292,0.0944,-1.0435,14323904244.0,3.23,6.1242,0.84,0.0213,76.36,3.5695,0.1094,4
401,-0.0103,M2500 «Ø§÷Àç³y,0.3734,10.3115,0.3697,18638278531.0,1.21,7.6695,1.36,0.0127,77.59,10.9511,0.065,2
402,0.0192,M2500 «Ø§÷Àç³y,0.1942,6.7209,-0.4263,10902144031.0,2.32,3.6311,0.99,0.3797,62.74,-0.274,0.0503,2
403,0.0519,M2500 «Ø§÷Àç³y,0.1447,4.2522,0.1171,10659818733.0,0.83,7.3325,0.18,0.0383,79.24,0.0292,0.0462,2
404,0.2085,M2500 «Ø§÷Àç³y,0.6038,1.9554,0.526,40675008589.0,1.84,5613.4431,-0.12,0.0198,57.3,-1.0634,0.0519,2
405,0.1199,M2500 «Ø§÷Àç³y,0.4364,0.4843,0.3419,30420209799.0,4.35,5.6787,2.2,0.058,60.74,0.7027,0.013,2
406,-0.0061,M2900 ¶T©ö¦Ê³f,-0.0145,0.5668,0.0875,6730172707.0,0.71,5.2045,0.19,0.0432,68.49,-1.9228,-0.0756,1
407,-0.0316,M2600 ¯è¹B·~,0.3658,0.0381,0.8155,418875011841.0,0.78,4.7261,2.54,0.222,35.3,2.447,-0.1234,3
408,0.0788,M2600 ¯è¹B·~,0.183,0.9094,0.0463,16256197623.0,0.85,14.3222,1.79,0.1146,24.86,1.8166,0.0183,3
409,-0.0392,M2600 ¯è¹B·~,0.1878,0.8393,0.123,47393682024.0,1.19,12.1109,1.55,0.1751,55.31,0.9985,0.0616,3
410,-0.0559,M2600 ¯è¹B·~,0.0562,1.9351,0.5416,34813770766.0,1.01,7.7627,1.4,0.1415,25.15,0.2629,0.0805,3
411,0.0135,M2600 ¯è¹B·~,0.1933,2.4393,0.1726,19569375668.0,1.43,6.5242,1.34,0.0735,45.68,0.0398,-0.0143,3
412,0.0472,M2600 ¯è¹B·~,0.5305,2.0123,0.5398,241948349084.0,0.53,5.5238,2.47,0.1793,27.9,1.7575,-0.1994,3
413,0.0022,M2600 ¯è¹B·~,0.1375,2.0741,0.5326,134216815933.0,1.53,2.7593,1.33,0.1104,73.08,1.3734,0.016,3
414,0.1215,M2600 ¯è¹B·~,0.8711,0.3708,0.514,5230921381.0,1.34,31.2271,5.21,0.178,20.3,20.1667,0.2048,3
415,-0.0338,M2600 ¯è¹B·~,0.0958,0.7011,0.1547,9387272141.0,0.72,9.2074,0.89,0.1577,49.37,-0.2614,0.0876,3
416,0.5146,M2600 ¯è¹B·~,0.4266,8.01,0.3905,4449379055.0,1.06,5.7881,0.44,0.0628,69.27,1.6633,-0.0194,3
417,-0.0176,M9900 ¨ä¥L,-0.0295,-0.3078,0.2595,5929800633.0,1.82,4.1313,0.32,0.0891,75.49,-0.8723,0.172,1
418,0.3501,M2600 ¯è¹B·~,0.4936,3.2628,0.5605,194258002665.0,0.57,7.0339,1.47,0.2387,37.96,3.1822,0.0144,3
419,-0.0818,M9700 ªo¹q¿U®ð·~,-0.0988,-0.5556,0.159,3627672278.0,0.78,1.0104,0.16,0.0929,49.22,-0.9817,0.0035,1
420,-0.0254,M2600 ¯è¹B·~,0.1628,0.5492,0.2985,14822008072.0,0.87,14.4293,1.61,0.0239,34.63,1.3637,0.0414,3
421,-0.0028,M2600 ¯è¹B·~,0.1483,2.194,0.7383,185046765183.0,1.73,3.5644,1.76,0.2331,67.76,0.0477,0.0472,3
422,-0.1076,M2600 ¯è¹B·~,0.3183,3.811,0.034,8987475042.0,2.29,7.1302,0.77,0.0354,45.8,13.8558,0.2254,3
423,-0.0148,M2600 ¯è¹B·~,0.0341,-0.0706,0.1722,165134118322.0,2.31,12.3435,0.85,0.0274,81.73,-0.0091,-0.004,3
424,-0.0621,M2600 ¯è¹B·~,0.1321,2.0127,0.6155,51037611909.0,2.76,4.826,1.9,0.0307,59.59,0.4791,-0.0056,3
425,-0.0487,M2600 ¯è¹B·~,0.2288,0.3463,1.1703,14555328297.0,1.57,3.1254,1.8,0.3297,48.55,0.0369,0.0163,3
426,-0.0202,M2600 ¯è¹B·~,0.0,-0.3381,0.1135,3639851216.0,1.61,3.5634,0.44,0.2224,47.69,8.9897,-0.0807,3
427,-0.0174,M2600 ¯è¹B·~,0.1019,1.0034,0.5781,40790253362.0,3.46,11.0295,2.3,0.2574,50.0,0.6998,-0.0022,3
428,-0.0224,M2700 Æ[¥úÀ\®È,0.0598,1.0374,0.241,5856646389.0,0.67,77.3042,0.27,0.0325,13.61,0.0789,0.0433,1
429,-0.035,M2700 Æ[¥úÀ\®È,0.0025,0.7797,0.2302,3124434318.0,0.91,9.3107,1.33,0.2972,61.6,2.1599,0.0148,1
430,0.0317,M2700 Æ[¥úÀ\®È,0.5254,3.0577,0.3268,24999808283.0,0.6,70.8905,4.58,0.0862,14.56,6.9304,1.1251,1
431,0.0074,M2700 Æ[¥úÀ\®È,0.1652,3.6145,0.4225,3845387883.0,0.72,7.6851,0.25,0.0196,69.15,1.0022,-0.0049,1
432,-0.0219,M2700 Æ[¥úÀ\®È,0.0671,0.8264,0.2837,7766324309.0,0.74,91.1081,0.2,0.0258,13.55,-0.2656,0.0423,1
433,-0.0657,M2700 Æ[¥úÀ\®È,0.1663,0.3721,0.5303,29267339380.0,7.89,16.7524,4.26,0.0445,62.75,0.1746,0.0249,1
434,-0.035,M2700 Æ[¥úÀ\®È,-0.1202,0.6288,0.0223,3182938500.0,2.68,25.2708,-0.53,0.032,29.34,-1.7019,-0.0417,1
435,-0.0435,M2700 Æ[¥úÀ\®È,0.1702,2.7334,0.4833,8018634017.0,3.11,51.9207,0.79,0.0637,25.93,0.1268,0.0496,1
436,0.0278,M2700 Æ[¥úÀ\®È,-0.0566,0.1153,0.6003,18488416812.0,5.82,3.2908,2.02,0.1629,75.04,-0.1698,0.0211,1
437,-0.0518,M2700 Æ[¥úÀ\®È,0.2817,1.7491,0.4983,14320427569.0,3.11,2.4075,3.23,0.4329,61.29,2.4956,0.4043,1
438,-0.0359,M2700 Æ[¥úÀ\®È,0.2208,2.8934,0.5425,5921732200.0,3.29,4.3676,1.51,0.0161,89.77,1.0339,-0.0353,1
439,-0.0554,M2700 Æ[¥úÀ\®È,-0.0343,0.6737,0.6645,7514638046.0,2.72,10.111,2.96,0.2476,44.43,0.7209,0.0458,1
440,-0.0377,M2700 Æ[¥úÀ\®È,0.024,-0.0412,0.2463,10873065798.0,3.49,5.6413,2.74,0.1292,45.18,0.1825,0.0746,1
441,-0.0216,M2800 ª÷¿Ä·~,0.0483,0.3356,0.2381,194307849564.0,1.02,18.8882,0.13,0.0164,93.59,0.1099,0.1059,3
442,0.0459,M2800 ª÷¿Ä·~,0.4279,0.5219,0.5581,61968423281.0,1.09,20.7107,0.52,0.0097,86.51,1.4017,0.0195,3
443,0.0222,M2800 ª÷¿Ä·~,0.1548,-0.4137,0.3362,91610809062.0,1.13,19.709,0.24,0.018,91.14,0.4184,0.101,3
444,-0.0189,M2800 ª÷¿Ä·~,0.0382,-0.2985,0.2524,7591491600.0,1.02,2.7394,1.98,0.1583,68.91,1.0323,0.094,3
445,-0.0032,M2800 ª÷¿Ä·~,0.0514,-0.1952,0.0958,19649787832.0,0.8,29.0535,0.19,0.0015,89.05,-0.1412,0.0955,3
446,-0.0155,M2800 ª÷¿Ä·~,0.1058,0.2742,0.1807,9937438835.0,0.81,5.3248,1.7,0.1588,51.22,0.654,0.0954,3
447,0.0029,M2800 ª÷¿Ä·~,0.2772,-0.3076,0.2962,138549307617.0,1.08,16.0769,0.13,0.0154,94.45,-0.1809,0.0676,3
448,0.0,M2800 ª÷¿Ä·~,0.0,-0.4194,0.1894,20244288781.0,0.85,20.7071,0.05,0.0156,92.48,-0.1914,0.1528,3
449,0.0,M2800 ª÷¿Ä·~,0.1214,-0.0059,0.3849,61590356046.0,0.8,11.9336,0.14,0.011,92.24,0.0945,0.07,3
450,-0.0064,M2800 ª÷¿Ä·~,0.2787,-0.2865,0.3507,61469132193.0,0.97,18.5269,0.16,0.0081,92.51,0.4616,0.0557,3
451,-0.0035,M2800 ª÷¿Ä·~,0.0288,-0.0776,0.3092,27279873561.0,0.82,20.3694,0.09,0.0094,90.32,1.5193,0.0305,3
452,0.0452,M2800 ª÷¿Ä·~,0.3728,0.3723,0.6099,27784485556.0,1.46,5.2868,1.84,0.2814,62.16,0.9412,0.0818,3
453,-0.0414,M2800 ª÷¿Ä·~,0.2644,0.9241,0.5829,21609695861.0,0.96,3.3883,1.94,0.2174,63.41,0.6419,0.0975,3
454,-0.0411,M2800 ª÷¿Ä·~,0.3863,2.0871,0.3932,7267292923.0,0.71,3.7989,1.3,0.0824,57.82,2.413,0.0818,3
455,0.0282,M2800 ª÷¿Ä·~,0.3789,0.2202,0.7147,36385447172.0,1.06,9.1005,1.25,0.0335,81.16,2.7717,0.5881,3
456,0.243,M2800 ª÷¿Ä·~,0.2309,2.5728,-0.1981,33660113266.0,0.55,0.8386,0.2,0.0221,97.16,2.0478,0.0635,3
457,-0.0248,M2800 ª÷¿Ä·~,0.1977,0.8426,0.4547,339856421239.0,1.45,20.8295,0.14,0.013,94.76,0.1258,0.1292,3
458,0.0364,M2800 ª÷¿Ä·~,0.1302,0.0668,0.6435,1043061823904.0,1.01,11.6999,0.27,0.0216,92.1,1.1746,0.0844,3
459,0.0211,M2800 ª÷¿Ä·~,0.2849,0.1978,0.6717,885975937313.0,0.83,7.4968,0.29,0.0237,93.31,4.4371,0.068,3
460,0.0554,M2800 ª÷¿Ä·~,0.1728,-0.2818,0.5942,253207412944.0,0.81,15.988,0.22,0.0177,92.38,1.3452,0.0736,3
461,0.0159,M2800 ª÷¿Ä·~,0.1359,-0.1201,0.3159,421279785020.0,1.74,24.0938,0.17,0.0139,93.42,0.0346,0.0897,3
462,-0.0093,M2800 ª÷¿Ä·~,0.1796,-0.0386,0.7151,390984507899.0,1.29,12.606,0.29,0.0232,90.92,0.5999,0.1385,3
463,-0.0354,M2800 ª÷¿Ä·~,0.0807,0.2517,0.3358,567005884829.0,1.62,25.2838,0.26,0.0172,91.94,0.0663,0.0977,3
464,0.0027,M2800 ª÷¿Ä·~,0.0904,0.227,0.3896,245022036425.0,1.01,11.4416,0.16,0.0097,93.08,-0.0105,0.1073,3
465,0.0443,M2800 ª÷¿Ä·~,0.084,0.6868,0.5027,157959338940.0,0.48,8.6076,0.06,0.011,94.86,1.3418,0.0516,3
466,-0.016,M2800 ª÷¿Ä·~,0.2705,0.3303,0.2108,51120320844.0,1.13,25.083,0.2,0.0078,87.43,0.0377,0.0994,3
467,0.057,M2800 ª÷¿Ä·~,0.1624,0.2309,0.3679,271386509693.0,1.36,16.239,0.24,0.0123,93.16,0.4554,0.0738,3
468,0.0067,M2800 ª÷¿Ä·~,0.2993,0.2691,0.8967,710172909679.0,1.38,14.6388,0.25,0.0128,94.11,0.6143,0.0653,3
469,0.0054,M2800 ª÷¿Ä·~,0.0318,-0.0261,0.3344,364579152479.0,1.45,19.4746,0.16,0.0134,94.3,0.058,0.0681,3
470,-0.0188,M2800 ª÷¿Ä·~,0.0996,0.2434,0.3062,31057712830.0,0.66,10.4207,0.2,0.0117,90.67,0.2912,0.0718,3
471,-0.0559,M2900 ¶T©ö¦Ê³f,0.0484,0.7504,0.475,2028850701.0,2.17,59.1054,0.87,0.448,12.57,0.6433,0.0263,1
472,-0.0972,M2900 ¶T©ö¦Ê³f,0.4431,0.0174,0.3531,47851358937.0,1.3,5.4247,0.74,0.1143,72.99,-0.2655,0.1773,1
473,0.0349,M9900 ¨ä¥L,-0.0107,-0.2559,0.0415,1394582868.0,1.18,12.193,1.46,0.0597,37.62,-0.0159,-0.0783,1
474,-0.003,M2900 ¶T©ö¦Ê³f,0.2851,2.1517,0.3716,17782576927.0,0.75,0.2741,0.22,0.0235,96.66,2.9241,0.0647,1
475,-0.0278,M2900 ¶T©ö¦Ê³f,0.0925,0.2565,0.1846,4444858000.0,1.23,2.1784,0.81,0.0666,44.8,2.1352,0.0971,1
476,0.0205,M2900 ¶T©ö¦Ê³f,0.0072,-0.0085,0.055,10367594706.0,1.61,1.1192,0.67,0.0543,81.43,-0.1928,-0.026,1
477,-0.0201,M2900 ¶T©ö¦Ê³f,-0.0162,0.634,0.0077,4735091687.0,1.82,36.2503,1.04,0.0305,53.44,-0.1106,-0.0003,1
478,0.0161,M2900 ¶T©ö¦Ê³f,-0.2074,-0.4578,0.2207,951737207.0,1.25,1.2814,-1.28,0.0834,77.75,0.3432,-0.1142,1
479,-0.0127,M2900 ¶T©ö¦Ê³f,0.0339,0.0648,0.2039,276120967910.0,6.59,3.4059,1.44,0.2006,79.93,0.0439,0.1443,1
480,0.0355,M2900 ¶T©ö¦Ê³f,0.0499,1.8108,0.3775,16629500000.0,1.28,178.0213,-0.09,0.0031,41.12,0.3026,-0.0077,1
481,-0.0758,M2900 ¶T©ö¦Ê³f,0.2159,1.3752,0.2771,78328888770.0,0.64,111.5112,3.9,0.0318,8.67,30.38,0.0474,1
482,-0.0253,M2900 ¶T©ö¦Ê³f,0.0572,-0.3716,0.1507,2973973900.0,1.65,0.8832,0.56,0.1518,67.39,1.8386,0.094,1
483,0.0033,M2325 ¹q¸£¤Î¶gÃä,0.0236,-0.7053,0.5276,1517097000.0,1.21,9.5364,-0.04,0.1975,24.45,0.9565,0.0571,3
484,-0.0126,M2328 ¹q¤l¹s²Õ¥ó,0.1869,1.7161,0.3239,12296736310.0,1.77,11.9792,1.81,0.3674,26.38,0.0983,0.0454,0
485,-0.1164,M2000 ¿ûÅK¤u·~,0.274,-0.0743,0.8373,6387675048.0,2.61,7.6494,2.09,0.0491,57.73,0.5554,0.2101,1
486,0.0605,M2325 ¹q¸£¤Î¶gÃä,0.0646,-0.7339,0.1518,66001660350.0,3.83,7.5817,2.81,0.3149,47.66,0.4402,0.1563,3
487,0.0999,M2324 ¥b¾ÉÅé,-0.0408,-0.346,0.8963,25406314055.0,2.53,7.6113,-0.24,0.2387,45.21,0.843,-0.0953,0
488,0.1028,M2326 ¥ú¹q·~,-0.0451,-0.1091,0.5289,290617402604.0,1.94,25.7048,3.05,0.5573,18.38,0.8581,0.0855,1
489,0.0675,M2329 ¹q¤l³q¸ô·~,0.1962,0.5349,0.8937,31333766954.0,1.42,1.8164,1.17,0.1061,56.03,0.4979,0.0925,3
490,0.0,M2328 ¹q¤l¹s²Õ¥ó,-0.1264,-0.2988,-0.1135,3426665230.0,2.54,12.9829,-1.6,0.1394,41.53,-0.0456,0.0774,0
491,0.1917,M2325 ¹q¸£¤Î¶gÃä,0.661,0.65,1.1957,16028961087.0,3.53,10.9849,1.22,0.1179,45.56,2.037,-0.0059,3
492,0.0475,M2324 ¥b¾ÉÅé,0.0372,-0.5841,0.6469,26553881157.0,4.16,17.558,4.72,0.4491,20.24,0.1547,0.1554,0
493,0.1056,M2328 ¹q¤l¹s²Õ¥ó,0.1394,3.4958,0.1316,10784172260.0,0.78,3.9871,0.62,0.2022,27.77,0.3653,-0.0411,0
494,0.1151,M2324 ¥b¾ÉÅé,0.0945,-0.2752,0.8241,17241181602.0,3.59,16.7381,0.69,0.3639,31.23,0.2302,-0.0648,0
495,0.1265,M2325 ¹q¸£¤Î¶gÃä,0.206,-0.0635,1.4497,247052956129.0,9.74,16.1381,2.5,0.3856,66.27,0.5538,0.2376,3
496,0.0816,M2331 ¨ä¥L¹q¤l·~,-0.0757,0.9769,-0.0544,1026683602.0,10.18,10.5176,-6.32,0.0299,94.13,-9.161,0.1634,4
497,0.0988,M2326 ¥ú¹q·~,-0.0271,-0.2232,0.5147,17553969727.0,1.4,4.0932,0.9,0.4905,31.98,4.4618,0.0837,1
498,0.0193,M2328 ¹q¤l¹s²Õ¥ó,0.0946,-0.7398,0.5243,2194720731.0,1.33,2.8811,1.15,0.2858,45.97,0.0613,0.0001,0
499,-0.0284,M2325 ¹q¸£¤Î¶gÃä,0.0396,-0.2504,0.4921,14311520221.0,1.37,8.3973,3.26,0.13,27.69,0.2449,0.0928,3
500,0.0069,M2328 ¹q¤l¹s²Õ¥ó,0.115,-0.1729,0.2484,66477174570.0,4.45,8.2886,3.12,0.1931,47.56,0.0202,-0.13,0
501,0.034,M2326 ¥ú¹q·~,0.1003,2.1616,0.4091,5601020405.0,1.65,16.0841,0.47,0.1514,46.46,-0.138,0.1017,1
502,0.0045,M2327 ³q«Hºô¸ô·~,0.1655,-0.7433,0.5644,3614111228.0,4.62,31.7554,2.94,0.3441,25.23,-0.1735,0.0428,1
503,0.0102,M2328 ¹q¤l¹s²Õ¥ó,0.0284,0.0972,0.2705,15394671277.0,1.74,5.2377,1.46,0.2207,35.67,-0.4156,-0.0767,0
504,-0.0709,M2327 ³q«Hºô¸ô·~,0.0338,0.8648,0.0779,4917693025.0,2.32,9.2973,1.53,0.2378,35.95,2.9436,-0.0302,1
505,0.0,M2329 ¹q¤l³q¸ô·~,0.0378,-0.2495,0.3191,7982359524.0,1.48,0.9324,0.76,0.069,73.15,-0.2962,-0.0017,3
506,0.144,M2330 ¸ê°TªA°È·~,0.0595,-0.5278,0.6578,11825104645.0,2.94,2.9524,2.55,0.0846,46.69,0.118,0.2286,1
507,0.2786,M2331 ¨ä¥L¹q¤l·~,0.9744,3.2398,0.5453,32235405413.0,2.7,21.3387,4.86,0.1086,22.25,0.6799,0.0695,1
508,0.0047,M2326 ¥ú¹q·~,0.1,0.0818,0.4275,3495656748.0,1.22,13.0256,0.87,0.1581,18.46,-0.1791,0.0086,1
509,-0.0651,M2328 ¹q¤l¹s²Õ¥ó,-0.1136,-0.2932,1.0187,8127733880.0,2.84,4.0072,2.26,0.2581,47.0,0.6436,0.0585,0
510,0.0686,M2329 ¹q¤l³q¸ô·~,0.1016,1.2175,0.4207,15901569773.0,1.47,0.8621,0.96,0.0609,76.74,-0.0061,0.2665,3
511,0.0496,M2324 ¥b¾ÉÅé,0.1443,-0.283,1.06,333661807835.0,5.1,13.6591,4.62,0.5327,33.0,0.0298,-0.0085,0
512,0.1447,M2324 ¥b¾ÉÅé,-0.397,-0.3205,0.7637,70027690745.0,6.59,27.1569,1.78,0.548,23.16,-0.4417,0.3028,0
513,-0.0913,M2329 ¹q¤l³q¸ô·~,-0.2783,0.1657,1.1737,153556916492.0,1.78,0.7971,0.82,0.1862,70.74,1.1984,0.565,3
514,-0.0188,M2328 ¹q¤l¹s²Õ¥ó,0.0111,-0.3851,1.4041,274386207189.0,3.08,10.3923,1.27,0.2454,54.9,-0.4057,0.0026,0
515,-0.0139,M2326 ¥ú¹q·~,-0.0546,-0.7185,0.276,4545270463.0,2.07,4.7863,2.85,0.2979,40.08,0.3087,0.0061,1
516,0.2541,M9900 ¨ä¥L,-0.0255,1.8639,0.1111,1870432200.0,1.26,58.3307,0.63,0.0908,8.05,0.3863,-0.002,1
517,0.0553,M2324 ¥b¾ÉÅé,-0.2008,-0.8671,0.755,4038221306.0,3.11,10.2413,-4.95,0.2499,44.69,-0.0895,-0.2974,1
518,0.0628,M2328 ¹q¤l¹s²Õ¥ó,0.1455,-0.6205,0.83,36588878079.0,2.75,13.2878,2.84,0.2137,35.73,0.8732,0.0278,0
519,-0.0285,M2331 ¨ä¥L¹q¤l·~,-0.1429,-0.3963,0.5531,1169269020.0,1.96,6.7673,1.31,0.1675,59.43,0.5259,0.038,1
520,-0.0385,M2328 ¹q¤l¹s²Õ¥ó,-0.0224,-0.3008,0.6395,110528507957.0,2.3,7.231,2.37,0.3309,42.7,0.6089,0.0694,0
521,0.019,M2327 ³q«Hºô¸ô·~,0.0714,0.3921,0.1677,376450810534.0,4.37,7.7978,1.56,0.0584,59.42,0.0933,0.2484,1
522,0.0176,M2325 ¹q¸£¤Î¶gÃä,-0.0853,-0.2777,0.7671,4728163726.0,3.68,2.9931,2.5,0.4766,58.99,0.4456,0.5474,3
523,0.3526,M2327 ³q«Hºô¸ô·~,0.1306,-0.5716,0.8461,4261501345.0,1.34,4.4445,-2.11,0.1703,58.32,-16.8988,0.0058,1
524,0.5213,M2329 ¹q¤l³q¸ô·~,-0.0081,-0.382,0.4172,6457458698.0,1.2,0.2613,1.45,0.0647,80.78,22.5054,-0.0649,3
525,0.0182,M2326 ¥ú¹q·~,-0.111,-0.3594,0.3567,6552426022.0,0.78,22.1349,-1.6,0.0798,32.99,-0.3905,-0.0928,1
526,-0.0071,M2326 ¥ú¹q·~,0.211,-0.6007,0.6264,3174128031.0,1.46,10.3562,1.42,0.208,46.09,1.1566,0.0578,1
527,-0.0306,M2326 ¥ú¹q·~,-0.0497,-0.4986,0.8878,5473301600.0,2.5,14.433,2.57,0.0241,36.45,8.5833,-0.0674,1
528,0.0038,M2500 «Ø§÷Àç³y,0.0605,1.2883,0.5368,2940548613.0,0.93,4.2148,0.71,0.024,65.4,0.0881,-0.0418,2
529,-0.0196,M1200 ­¹«~¤u·~,-0.0264,-0.1852,0.3715,1633183580.0,2.28,46.5958,-1.1,0.2963,6.38,-1.5764,-0.0246,1
530,0.1442,M2329 ¹q¤l³q¸ô·~,0.1684,-0.5725,1.4968,8755546961.0,3.42,38.7589,-3.2,0.5004,25.41,-2.0183,-0.137,3
531,0.0421,M2500 «Ø§÷Àç³y,0.1747,2.0315,0.486,11149055184.0,1.44,311.2783,-0.19,0.1511,71.28,-4.3982,0.1178,2
532,0.0736,M2325 ¹q¸£¤Î¶gÃä,0.0078,-0.4972,0.7693,1195554817.0,1.56,8.514,-0.46,0.3214,36.77,0.6203,-0.1006,3
533,0.0121,M2328 ¹q¤l¹s²Õ¥ó,0.0303,-0.27,0.4629,4115144692.0,2.2,5.4018,-2.11,0.1762,56.03,-11.5774,0.1208,0
534,-0.0146,M2326 ¥ú¹q·~,0.1333,0.8606,0.4078,11789513560.0,1.12,7.3692,0.74,0.2611,38.02,0.1515,-0.093,1
535,0.0142,M2325 ¹q¸£¤Î¶gÃä,0.5379,5.9819,1.3069,4157641073.0,1.11,5.3378,0.39,0.1477,40.11,1.1282,0.0078,3
536,0.1123,M2327 ³q«Hºô¸ô·~,0.1368,-0.6577,0.5946,7547593051.0,1.69,11.374,0.1,0.269,31.57,0.987,-0.0258,1
537,0.03,M2328 ¹q¤l¹s²Õ¥ó,0.1239,0.5989,0.4209,13373338682.0,2.15,4.6848,2.96,0.1777,38.76,0.7211,0.0231,0
538,-0.0259,M2328 ¹q¤l¹s²Õ¥ó,-0.0325,0.5077,0.3297,3489578983.0,1.57,7.7564,-0.01,0.1621,59.66,0.8793,-0.0074,0
539,-0.0063,M2324 ¥b¾ÉÅé,-0.1208,-0.6275,0.5342,2551187618.0,2.8,69.0911,0.17,0.6065,14.24,-0.8767,-0.0431,1
540,-0.031,M3600 ¼Æ¦ì¶³ºÝ,0.015,-0.1884,0.2183,7441291878.0,4.31,13.2231,2.57,0.3766,50.58,-0.0476,0.0863,1
541,0.0156,M2327 ³q«Hºô¸ô·~,-0.0827,-0.4059,0.4475,6290571331.0,3.33,17.1252,0.55,0.4177,41.21,-0.6876,0.1331,1
542,0.1881,M2326 ¥ú¹q·~,-0.19,-0.6091,0.6107,4854701662.0,2.68,11.7578,0.08,0.1076,66.35,0.6605,-0.0308,1
543,0.0273,M1722 ¥Í§ÞÂåÀø,0.0149,0.0735,0.3231,1945233973.0,1.47,17.2267,1.96,0.0542,15.68,3.2162,0.0154,0
544,0.0323,M1500 ¹q¾÷¾÷±ñ,-0.1075,0.8235,0.7369,4871906854.0,2.33,12.2161,-0.28,0.1073,49.41,0.3029,-0.046,3
545,-0.0354,M2324 ¥b¾ÉÅé,-0.0525,-0.4047,0.4387,43237251007.0,1.43,6.1817,0.59,0.1911,51.05,2.0573,0.0777,0
546,0.0127,M2329 ¹q¤l³q¸ô·~,-0.0317,-0.2072,0.3238,7749085804.0,1.84,0.7181,1.04,0.0233,76.79,-0.0514,-0.2924,3
547,0.5761,M2328 ¹q¤l¹s²Õ¥ó,0.0198,-0.6383,0.3388,992863350.0,1.6,4.8936,0.38,0.1438,28.07,6.5027,-0.0867,0
548,-0.0766,M2325 ¹q¸£¤Î¶gÃä,-0.1188,-0.2376,0.7627,324992666841.0,3.2,1.3642,1.72,0.1425,69.48,19.2783,0.084,3
549,-0.0242,M2324 ¥b¾ÉÅé,-0.0898,-0.086,0.5588,4925115503.0,3.85,23.3442,3.29,0.1782,23.33,1.0463,0.1935,0
550,0.1106,M2500 «Ø§÷Àç³y,0.2079,2.4374,0.4485,7839099070.0,1.05,7.1603,1.2,0.0923,52.24,9.5574,-0.0982,2
551,0.1142,M2328 ¹q¤l¹s²Õ¥ó,0.0591,0.0101,0.911,2253679685.0,1.92,5.8259,0.38,0.2838,44.8,1.0859,-0.0533,0
552,0.1235,M2331 ¨ä¥L¹q¤l·~,-0.0692,-0.217,0.739,8619133154.0,1.74,5.7484,1.45,0.2823,41.22,1.617,0.0842,1
553,0.1032,M2328 ¹q¤l¹s²Õ¥ó,-0.3978,-0.6397,0.9093,1476000000.0,1.92,47.3836,0.55,0.5335,50.9,-0.9786,0.0471,0
554,-0.0038,M2327 ³q«Hºô¸ô·~,-0.0175,-0.7128,0.2481,2598422800.0,1.03,4.8845,0.69,0.1905,22.45,0.1991,0.0752,1
555,0.4708,M2329 ¹q¤l³q¸ô·~,0.6803,0.1265,1.0999,7572930775.0,2.52,1.8788,1.36,0.2389,63.58,0.5191,0.1014,3
556,0.1473,M2328 ¹q¤l¹s²Õ¥ó,0.1803,-0.6311,0.9688,1685722409.0,2.63,4.019,-2.42,0.093,63.16,0.5352,-0.1685,0
557,0.2113,M2328 ¹q¤l¹s²Õ¥ó,0.0733,-0.2663,1.523,6031034712.0,2.86,7.0183,1.78,0.2629,48.07,1.5588,0.1158,0
558,0.0167,M2200 ¨T¨®¤u·~,-0.1205,-0.3986,0.7771,4850225135.0,1.62,2.7772,0.5,0.1364,63.04,-0.0057,0.1519,3
559,0.0505,M2326 ¥ú¹q·~,0.5171,0.4695,0.7693,5411875323.0,2.32,16.7251,9.0,0.3883,26.3,1.589,0.2312,1
560,0.4536,M2328 ¹q¤l¹s²Õ¥ó,-0.0373,-0.3347,1.1446,34376842148.0,2.18,11.8976,1.48,0.0597,27.02,1.5083,0.0477,0
561,0.0472,M2327 ³q«Hºô¸ô·~,-0.1333,-0.4736,0.645,17111911058.0,1.99,3.3033,0.43,0.2116,47.87,-0.6175,-0.0632,1
562,0.2139,M2326 ¥ú¹q·~,0.2604,-0.4337,0.8635,56689985556.0,2.64,10.8241,2.67,0.2628,50.77,3.5819,0.0842,1
563,-0.0048,M2324 ¥b¾ÉÅé,0.3778,-0.4851,0.7521,31724508179.0,2.55,9.5492,2.79,0.3341,40.64,0.3541,0.0588,0
564,0.068,M2325 ¹q¸£¤Î¶gÃä,0.0139,-0.1141,0.3704,11260373550.0,3.94,16.0819,3.18,0.1776,36.37,0.2145,0.2471,3
565,0.089,M2327 ³q«Hºô¸ô·~,-0.0847,-0.4522,0.5341,1951782755.0,1.51,5.9432,-1.61,0.2467,35.53,-0.0921,-0.1417,1
566,0.4682,M2328 ¹q¤l¹s²Õ¥ó,0.1386,0.0207,0.649,815039000.0,2.7,136.2941,-1.46,0.128,16.86,-1.3456,0.0595,0
567,0.0977,M2326 ¥ú¹q·~,-0.2085,-0.8464,0.3553,3787157600.0,1.76,7.4333,-1.69,0.41,22.35,0.1685,-0.0111,1
568,0.1012,M2324 ¥b¾ÉÅé,-0.0342,0.0518,1.1912,187138654913.0,16.1,32.8869,3.07,0.4316,53.2,-0.2907,0.0685,0
569,0.0477,M2327 ³q«Hºô¸ô·~,-0.1886,-0.3895,0.9768,2312200488.0,2.36,5.5444,-1.02,0.297,57.57,-1.4942,-0.2502,1
570,0.3583,M2324 ¥b¾ÉÅé,0.0638,-0.6041,1.4154,9964606529.0,2.77,7.7516,1.29,0.2458,34.44,2.1084,-0.0671,0
571,0.0328,M2326 ¥ú¹q·~,-0.0662,-0.3738,0.8045,11272360276.0,3.54,7.1194,0.14,0.3386,40.5,-0.9852,0.0229,1
572,-0.0073,M2326 ¥ú¹q·~,-0.1226,0.1154,0.67,113282823640.0,0.6,2.2436,-1.09,0.1314,34.76,0.4717,-0.141,1
573,0.374,M2325 ¹q¸£¤Î¶gÃä,-0.1856,-0.4102,0.0529,1025878200.0,1.96,5.6198,-2.6,0.0066,71.77,-0.203,-0.1163,3
574,0.0882,M2328 ¹q¤l¹s²Õ¥ó,0.3023,1.1548,0.1691,7613492643.0,1.03,5.5211,2.25,0.2856,24.22,1.0201,-0.0056,0
575,0.0519,M2326 ¥ú¹q·~,-0.1933,-0.6515,0.4891,6330318068.0,2.42,11.3015,-5.07,0.2215,33.78,-1.6804,-0.1874,1
576,0.0714,M2325 ¹q¸£¤Î¶gÃä,-0.098,-0.7449,1.239,26523374769.0,3.98,5.3568,2.35,0.1766,43.51,1.4633,0.0969,3
577,0.1452,M2331 ¨ä¥L¹q¤l·~,-0.2267,-0.2951,0.3958,2508267447.0,2.16,30.8539,-3.0,0.4797,20.44,-7.1318,-0.1468,1
578,-0.003,M2329 ¹q¤l³q¸ô·~,-0.004,-0.6496,0.4339,3200261717.0,1.77,2.5906,1.05,0.1748,72.46,0.0889,-0.2006,3
579,0.0561,M2324 ¥b¾ÉÅé,-0.2065,-0.787,0.7183,7532601480.0,3.66,21.7208,-0.39,0.3433,20.22,0.9148,-0.0866,1
580,0.0621,M2324 ¥b¾ÉÅé,0.0224,-0.0879,1.1711,60180946887.0,2.7,19.8655,0.81,0.0405,50.8,-0.5647,0.3113,0
581,0.1401,M2328 ¹q¤l¹s²Õ¥ó,0.5075,-0.2872,1.8218,167581496495.0,5.1,26.4553,5.34,0.3784,21.57,0.7524,0.1282,0
582,0.2261,M2326 ¥ú¹q·~,0.0781,0.1451,0.3944,2019787696.0,1.46,34.7807,-0.54,0.3093,33.94,-9.9497,-0.1427,1
583,-0.0213,M2326 ¥ú¹q·~,-0.1595,-0.5251,0.2113,2004145170.0,0.76,2.6382,-0.57,0.2732,31.52,-0.7135,-0.0234,1
584,0.0929,M2324 ¥b¾ÉÅé,-0.1872,-0.6288,0.8451,17874103381.0,2.14,5.0201,0.65,0.2639,49.72,1.2039,0.0344,0
585,-0.0065,M2328 ¹q¤l¹s²Õ¥ó,0.0235,-0.5608,0.3301,1335137500.0,0.83,1.7773,-0.16,0.2612,62.92,0.4904,-0.049,0
586,-0.008,M3800 ©~®a¥Í¬¡,0.239,3.2315,0.4059,5838153342.0,1.96,2.8538,5.94,0.0614,54.46,0.8119,0.2655,1
587,0.0416,M2326 ¥ú¹q·~,0.2959,-0.0588,1.4289,22399313217.0,5.0,84.3672,0.53,0.1607,15.89,-0.8158,0.3991,1
588,-0.0085,M2326 ¥ú¹q·~,-0.0794,0.3127,0.2465,18882426350.0,1.49,12.6658,-0.72,0.2077,57.23,-7.4349,-0.0838,1
589,0.0535,M2324 ¥b¾ÉÅé,0.3142,-0.1884,1.1593,25414518050.0,6.02,11.3229,1.08,0.2404,79.72,0.4413,0.3068,3
590,0.0129,M2324 ¥b¾ÉÅé,-0.0342,-0.8278,0.5323,4995983106.0,3.64,16.0599,0.56,0.2195,10.88,1.6185,0.0222,1
591,0.2587,M2326 ¥ú¹q·~,-0.0632,-0.4635,0.5472,3500013989.0,1.24,6.488,0.72,0.2527,22.09,1.1765,0.0509,1
592,0.0339,M2324 ¥b¾ÉÅé,-0.0072,-0.3787,0.8135,30169595616.0,3.43,4.9979,2.79,0.2604,47.99,2.2915,-0.0248,0
593,0.173,M2328 ¹q¤l¹s²Õ¥ó,0.0087,-0.7441,0.3637,1083944146.0,2.26,5.4355,-0.56,0.0729,68.28,0.4598,0.0567,0
594,0.0317,M2327 ³q«Hºô¸ô·~,-0.0899,-0.4496,0.5608,33100744683.0,3.02,2.6382,1.56,0.2478,67.02,0.2532,0.1126,1
595,0.1493,M2328 ¹q¤l¹s²Õ¥ó,0.1323,-0.0888,0.178,6253421649.0,0.97,3.218,0.2,0.1572,57.53,1.0187,-0.0182,0
596,0.0262,M2328 ¹q¤l¹s²Õ¥ó,-0.1076,-0.7824,0.4949,2003764910.0,1.15,3.3949,-1.45,0.1819,37.65,-0.3053,-0.0986,0
597,-0.0155,M2331 ¨ä¥L¹q¤l·~,0.5474,0.6783,0.5363,26059672483.0,3.1,10.1612,3.94,0.2729,46.09,1.3364,0.1069,1
598,0.2857,M2326 ¥ú¹q·~,-0.0502,0.2306,1.1187,8590247409.0,1.38,25.4864,2.31,0.0968,9.82,1.6995,0.1942,1
599,0.0024,M2328 ¹q¤l¹s²Õ¥ó,-0.0278,-0.2394,0.6007,5659744506.0,1.87,12.1728,0.65,0.057,41.01,1.2815,-0.0348,0
600,0.1952,M2325 ¹q¸£¤Î¶gÃä,-0.0285,-0.2843,0.2945,2158354718.0,1.22,4.0968,0.52,0.1932,24.44,1.5777,0.0243,3
601,0.2094,M2328 ¹q¤l¹s²Õ¥ó,0.0389,-0.1275,1.2387,125082464011.0,11.88,43.6691,4.22,0.3009,30.66,0.4393,0.0816,0
602,-0.0058,M2327 ³q«Hºô¸ô·~,0.1037,-0.8679,0.7387,4624179896.0,1.4,7.8159,0.46,0.3159,23.89,1.8845,0.123,1
603,-0.0079,M2328 ¹q¤l¹s²Õ¥ó,0.3689,0.6068,0.445,8416795145.0,1.53,9.1487,3.3,0.4207,44.46,14.7127,0.0277,0
604,0.0351,M2324 ¥b¾ÉÅé,0.3542,3.3651,0.4239,1403685415.0,1.61,64.4957,0.06,0.0288,1.5,1.0462,-0.0225,1
605,0.1227,M2327 ³q«Hºô¸ô·~,-0.1882,-0.7551,0.981,6646782148.0,2.5,3.2323,1.04,0.2609,45.72,0.8621,0.0881,1
606,-0.1271,M2325 ¹q¸£¤Î¶gÃä,0.0246,-0.7366,0.7617,13618989445.0,3.24,4.3168,1.14,0.2538,37.63,0.9514,0.1604,3
607,-0.026,M2329 ¹q¤l³q¸ô·~,0.0104,-0.5166,0.4636,141376417433.0,1.78,0.7772,1.04,0.0464,72.95,1.8464,0.1913,3
608,0.0619,M2500 «Ø§÷Àç³y,0.238,5.5229,-0.2393,26506731340.0,0.94,4.3024,0.04,0.074,62.41,-0.5485,0.1055,2
609,-0.0196,M2327 ³q«Hºô¸ô·~,-0.1285,-0.5698,0.733,16001003672.0,1.74,2.8786,0.29,0.3001,52.8,-0.9037,-0.0255,1
610,0.0229,M1722 ¥Í§ÞÂåÀø,0.1317,0.6004,0.277,13370330833.0,1.84,7.441,2.6,0.1207,33.89,0.5518,0.0065,0
611,-0.0447,M2325 ¹q¸£¤Î¶gÃä,0.0757,-0.6065,1.0883,57190791799.0,1.04,5.9241,0.79,0.1091,32.01,3.5379,0.029,3
612,-0.0844,M3500 ºñ¯àÀô«O,0.5174,0.45,0.436,16122791293.0,1.66,9.2911,0.65,0.1513,37.56,2.963,0.0823,1
613,0.085,M2324 ¥b¾ÉÅé,0.1144,-0.1869,1.2751,646463499099.0,2.43,4.8678,1.07,0.1102,54.19,-0.0233,0.0089,0
614,0.1657,M2325 ¹q¸£¤Î¶gÃä,0.1118,-0.5673,0.4956,10422174205.0,1.25,2.7065,0.6,0.1517,63.83,32.7762,0.4251,3
615,0.0253,M2326 ¥ú¹q·~,-0.0081,0.0564,0.5327,31065669897.0,0.62,5.5644,-0.88,0.2435,23.02,0.6241,-0.1104,1
616,-0.0161,M2328 ¹q¤l¹s²Õ¥ó,-0.242,0.5878,1.2108,16721341309.0,2.83,4.0063,1.6,0.1712,71.41,1.9605,0.1749,0
617,-0.0077,M1722 ¥Í§ÞÂåÀø,0.0911,-0.1067,-0.0481,14144249817.0,1.79,6.9265,1.26,0.1574,43.13,-0.0825,0.1009,0
618,-0.0213,M1722 ¥Í§ÞÂåÀø,0.009,-0.2399,0.2993,2744794350.0,1.23,4.2444,1.31,0.1775,28.29,-0.2113,0.0164,0
619,-0.0075,M1722 ¥Í§ÞÂåÀø,-0.0922,-0.556,0.3312,3912791916.0,2.07,120.0722,-1.72,0.0258,2.72,-2.7647,0.013,0
620,-0.0164,M1722 ¥Í§ÞÂåÀø,0.0178,-0.1991,0.2422,10783837687.0,2.05,34.8002,0.68,0.1367,23.24,-0.2984,0.2842,0
621,0.0495,M1722 ¥Í§ÞÂåÀø,-0.0309,-0.3874,0.3426,1860145854.0,1.52,21.8833,1.95,0.3326,7.87,1.4966,0.0036,0
622,-0.0394,M1722 ¥Í§ÞÂåÀø,-0.0658,0.01,0.7196,11897364675.0,2.17,271.1403,-2.04,0.3184,40.18,0.2612,0.0263,0
623,-0.0078,M1722 ¥Í§ÞÂåÀø,0.02,1.5032,0.3565,3696361499.0,1.49,10.4928,1.3,0.071,22.3,1.0022,0.0125,0
624,0.0057,M1722 ¥Í§ÞÂåÀø,-0.0807,-0.3775,0.4317,8986749826.0,1.63,13.8821,0.14,0.1477,52.89,-0.9714,0.0304,0
625,0.0742,M1300 ¶ì½¦¤u·~,0.1607,0.5572,0.4314,12649918094.0,1.04,4.0701,0.78,0.076,61.87,1.1659,0.1516,1
626,-0.0463,M1400 ¯¼Â´ÅÖºû,-0.0714,-0.1434,0.1846,3112248584.0,0.86,1.0233,-0.54,0.0386,65.77,0.7086,-0.0949,1
627,-0.0087,M1400 ¯¼Â´ÅÖºû,-0.1205,0.2833,0.2492,2961413946.0,1.14,11.0934,0.15,0.118,43.67,-1.0169,-0.0204,1
628,0.018,M1400 ¯¼Â´ÅÖºû,0.0091,0.1987,0.2192,10902594339.0,1.44,4.6097,-0.44,0.1462,40.41,-1.5145,-0.052,1
629,0.0303,M1400 ¯¼Â´ÅÖºû,0.0957,0.0809,0.1846,1673178936.0,1.26,7.1187,1.69,0.0238,43.05,2.1355,0.0053,1
630,0.1214,M1500 ¹q¾÷¾÷±ñ,0.133,0.0295,0.4717,5178736236.0,1.15,3.9138,-0.64,0.0876,60.41,-15.8971,-0.1732,3
631,0.0276,M1500 ¹q¾÷¾÷±ñ,0.3178,1.4503,0.7794,14390080493.0,1.26,2.9171,1.11,0.1431,58.01,1.3168,0.1376,3
632,-0.0429,M3700 ¹B°Ê¥ð¶¢,0.1538,-0.2988,0.5757,18242977072.0,2.03,9.6017,3.04,0.3973,35.88,0.1967,0.0004,1
633,-0.0317,M1500 ¹q¾÷¾÷±ñ,0.0139,-0.6458,0.4532,3669786504.0,1.14,6.2227,-1.94,0.0914,58.73,-5.0229,-0.1071,3
634,0.3563,M2328 ¹q¤l¹s²Õ¥ó,0.1582,0.0562,0.8008,2602653900.0,1.26,4.8691,1.58,0.2858,38.37,22.061,-0.0284,0
635,0.0985,M2200 ¨T¨®¤u·~,-0.0773,-0.3523,0.6629,11375548516.0,1.53,6.9518,1.4,0.2486,39.52,0.0848,-0.0046,3
636,-0.055,M1500 ¹q¾÷¾÷±ñ,-0.0167,-0.5312,0.08,4498972807.0,1.57,13.8674,0.07,0.1739,34.59,-2.5402,-0.0239,3
637,0.4702,M1500 ¹q¾÷¾÷±ñ,1.0361,6.3173,0.7236,2718303300.0,1.65,15.2209,-0.62,0.1089,53.18,-1.5427,-0.0456,3
638,0.0,M1500 ¹q¾÷¾÷±ñ,0.0175,-0.075,0.4564,5254427739.0,1.11,29.1435,-1.25,0.1442,44.44,-0.2801,-0.0694,3
639,0.7089,M1500 ¹q¾÷¾÷±ñ,0.0632,-0.0898,0.3787,5784056458.0,1.19,5.4841,1.7,0.2634,54.92,1.1567,0.1313,3
640,-0.0571,M1500 ¹q¾÷¾÷±ñ,0.023,-0.1361,0.5011,5895056700.0,3.4,25.4438,3.5,0.2365,19.33,0.4186,0.1117,3
641,0.083,M1500 ¹q¾÷¾÷±ñ,0.0769,-0.2512,0.792,8375691753.0,2.6,18.4518,-0.19,0.0906,34.26,-5.0244,0.0513,3
642,-0.0182,M1500 ¹q¾÷¾÷±ñ,0.3574,-0.0665,0.6062,21430363322.0,2.08,29.7744,3.32,0.429,16.93,0.8842,0.03,3
643,0.2663,M2331 ¨ä¥L¹q¤l·~,0.4426,-0.0818,0.6834,4117219360.0,4.82,16.8831,1.51,0.2024,57.15,0.0,0.5186,1
644,0.0997,M1721 ¤Æ¾Ç¤u·~,0.1269,-0.1409,0.3032,2036152396.0,1.18,2.3638,1.89,0.165,49.58,34.7083,-0.0918,1
645,0.0376,M1721 ¤Æ¾Ç¤u·~,0.1287,0.3185,0.0975,4143964312.0,1.36,4.5613,1.27,0.0538,41.93,28.1423,0.1054,1
646,0.0183,M1722 ¥Í§ÞÂåÀø,0.0157,-0.0017,0.4588,14514258366.0,1.59,13.4603,3.52,0.2586,18.84,0.0161,-0.095,0
647,-0.0072,M1722 ¥Í§ÞÂåÀø,-0.0347,-0.2249,0.2485,4119766406.0,2.26,8.794,0.12,0.0631,64.04,0.1085,0.0735,0
648,0.0213,M1721 ¤Æ¾Ç¤u·~,-0.0286,0.3933,0.581,7586259042.0,1.37,6.9585,0.89,0.2749,31.68,1.9694,-0.0918,1
649,0.0429,M1722 ¥Í§ÞÂåÀø,-0.1419,0.0861,0.5288,10961848128.0,1.73,9.6657,-0.67,0.1102,39.55,-2.816,0.068,0
650,-0.0345,M1721 ¤Æ¾Ç¤u·~,0.0951,-0.7249,0.5987,14169928365.0,3.64,12.518,1.5,0.0596,43.71,0.1577,0.0515,1
651,0.2375,M1721 ¤Æ¾Ç¤u·~,-0.1409,0.0938,0.0799,2895598799.0,1.37,5.5538,-0.4,0.2531,52.38,-0.3722,-0.0373,1
652,-0.0365,M1721 ¤Æ¾Ç¤u·~,0.2483,-0.0352,0.4722,42821882054.0,3.07,8.5817,3.09,0.2329,45.41,-0.0067,0.0471,1
653,-0.0339,M1721 ¤Æ¾Ç¤u·~,0.2677,-0.5858,1.04,30483772124.0,4.78,20.608,4.83,0.3614,32.01,-0.0898,0.0025,1
654,0.0288,M2327 ³q«Hºô¸ô·~,0.035,0.2428,0.0039,287682283620.0,3.16,11.1738,1.62,0.0274,51.18,0.0612,0.1433,1
655,0.1338,M2327 ³q«Hºô¸ô·~,-0.049,-0.7345,0.8483,13955715186.0,1.07,2.4229,0.45,0.1791,42.7,0.153,-0.0467,1
656,0.1752,M2328 ¹q¤l¹s²Õ¥ó,0.3664,-0.2664,0.4867,42008459869.0,2.13,3.0778,1.32,0.269,58.15,0.0477,0.0581,0
657,0.0067,M2325 ¹q¸£¤Î¶gÃä,-0.1068,0.0486,0.4728,3081116470.0,1.49,3.1764,0.22,0.0637,42.38,-0.992,0.0407,3
658,-0.012,M2324 ¥b¾ÉÅé,-0.0272,0.185,0.5322,51107806604.0,3.24,6.0352,1.31,0.2024,50.11,-0.3909,-0.1396,0
659,-0.056,M1600 ¹q¾¹¹qÆl,0.1515,-0.4969,0.5626,2816000000.0,0.83,1.6501,0.84,0.2118,47.85,0.6242,0.0314,1
660,-0.0179,M2326 ¥ú¹q·~,-0.1118,-0.2706,0.5935,5006250000.0,2.76,70.3797,-3.14,0.2718,25.97,-2.3966,-0.0997,1
661,0.1436,M2325 ¹q¸£¤Î¶gÃä,0.2007,-0.4216,0.7203,258275714402.0,1.44,1.0314,0.76,0.193,57.42,0.083,-0.1691,3
662,-0.0043,M2326 ¥ú¹q·~,0.0903,-0.5534,0.3641,6286185005.0,0.75,4.7654,1.49,0.1626,21.53,0.3071,0.0429,1
663,0.3176,M2324 ¥b¾ÉÅé,-0.0169,1.698,0.2328,5576190320.0,2.39,10.2565,2.23,0.3401,24.31,0.921,-0.0952,1
664,0.1422,M2326 ¥ú¹q·~,-0.0354,0.189,0.1423,2053348426.0,1.06,7.6052,-0.35,0.1203,39.51,0.4861,-0.0394,1
665,-0.0242,M2326 ¥ú¹q·~,0.0593,0.1788,0.7712,8175387048.0,0.81,4.2843,0.17,0.3092,36.65,1.0178,-0.0539,1
666,0.0189,M2324 ¥b¾ÉÅé,0.1202,-0.4009,0.6808,30436165126.0,1.84,8.1754,1.78,0.0791,16.15,-0.0863,0.0156,1
667,0.6574,M2324 ¥b¾ÉÅé,0.3608,2.6484,1.0863,8991273938.0,2.16,3.0028,3.11,0.0748,74.43,8.5532,0.3278,3
668,0.2072,M2324 ¥b¾ÉÅé,-0.0907,-0.6157,0.6961,16605936284.0,8.25,19.2927,0.89,0.2315,32.17,1.3122,0.0188,0
669,0.1381,M2326 ¥ú¹q·~,0.051,0.1802,0.4684,6115896000.0,2.34,24.543,0.27,0.3983,18.15,1.1414,-0.078,1
670,-0.0325,M2328 ¹q¤l¹s²Õ¥ó,-0.0135,0.4431,0.4362,3527078400.0,1.47,4.4831,-0.72,0.1671,20.28,-10.9186,-0.0674,0
671,-0.0114,M2330 ¸ê°TªA°È·~,0.9355,0.1676,1.3022,8490894905.0,5.84,18.9851,8.13,0.7276,23.06,2.0956,-0.1799,0
672,0.0364,M2328 ¹q¤l¹s²Õ¥ó,-0.0029,-0.2968,0.2143,2472868673.0,0.74,5.9464,0.49,0.4223,16.29,1.3179,-0.0305,0
673,-0.0122,M2000 ¿ûÅK¤u·~,0.072,-0.8091,0.0937,15994722527.0,2.59,8.9732,3.3,0.2784,26.09,0.2454,0.0533,1
674,0.1359,M2330 ¸ê°TªA°È·~,0.0054,-0.4373,0.3237,7085903375.0,1.5,14.3838,1.72,0.0685,20.98,0.8197,-0.0003,1
675,-0.0152,M2324 ¥b¾ÉÅé,0.0291,0.1602,0.3406,11871691045.0,6.36,42.6887,2.59,0.2118,27.17,0.5466,0.1859,0
676,-0.0214,M2326 ¥ú¹q·~,0.3036,-0.335,1.6347,16076015873.0,5.52,16.9442,2.45,0.0426,40.62,0.1575,0.0527,1
677,0.0663,M2326 ¥ú¹q·~,-0.1821,-0.5978,0.1681,2822885170.0,1.86,15.3834,1.98,0.4159,14.12,0.2241,0.0446,1
678,0.0732,M2325 ¹q¸£¤Î¶gÃä,-0.0278,-0.6436,0.8012,12763379933.0,3.76,7.4517,2.6,0.2683,46.41,-0.1569,0.1684,3
679,0.119,M2324 ¥b¾ÉÅé,-0.0302,-0.169,1.2314,142120135858.0,8.66,72.9497,4.02,0.1077,14.48,1.2751,0.2399,1
680,-0.0269,M1600 ¹q¾¹¹qÆl,0.0084,-0.1759,0.0614,7874628845.0,2.18,7.0033,-0.44,0.1033,45.83,-1.4867,0.1367,1
681,0.0373,M2324 ¥b¾ÉÅé,0.0247,-0.1063,0.4303,6579976460.0,2.3,5.5503,1.24,0.2199,45.97,2.8702,-0.0488,0
682,0.1178,M3500 ºñ¯àÀô«O,0.2171,-0.5539,0.2843,5328388428.0,3.79,9.6881,2.99,0.4366,52.58,0.3361,0.247,1
683,-0.0139,M3700 ¹B°Ê¥ð¶¢,0.057,-0.6638,0.5619,17460771181.0,2.25,15.9629,1.33,0.2711,35.52,-0.3795,-0.011,1
684,-0.0386,M2327 ³q«Hºô¸ô·~,-0.0389,-0.5667,0.7221,33424708845.0,2.82,2.0638,1.51,0.2167,70.92,0.3329,0.1691,1
685,0.0817,M2329 ¹q¤l³q¸ô·~,0.3402,1.8381,0.5677,47890581908.0,2.9,4.0137,2.46,0.1169,56.67,0.0474,0.1401,3
686,-0.0648,M2328 ¹q¤l¹s²Õ¥ó,-0.0233,-0.597,0.5154,29588451693.0,1.01,3.2001,1.19,0.2614,43.05,-0.1282,0.0833,0
687,0.0155,M2324 ¥b¾ÉÅé,-0.0116,-0.4206,0.4989,8350372941.0,2.43,13.6438,1.15,0.3026,12.5,4.2928,0.0078,1
688,1.3092,M2326 ¥ú¹q·~,-0.0941,-0.3444,0.3858,1736826000.0,2.87,21.1349,-1.47,0.1256,36.77,-2.1882,0.0245,1
689,0.0376,M2500 «Ø§÷Àç³y,0.36,0.1633,0.2104,5225010497.0,1.01,4.4952,2.63,0.198,39.25,1.744,0.1235,2
690,0.2072,M2500 «Ø§÷Àç³y,0.3009,1.9283,0.8626,8689918763.0,1.72,3.5867,2.0,0.1388,61.17,3.5232,0.1109,2
691,-0.0267,M2500 «Ø§÷Àç³y,0.1004,0.6306,0.4927,6473484038.0,1.22,4.3389,-1.1,0.213,37.2,-0.2044,0.1925,2
692,0.117,M2500 «Ø§÷Àç³y,0.3785,7.8743,-0.1152,58563755784.0,1.02,17.9158,0.47,0.0673,54.65,-0.6031,0.0235,2
693,0.0522,M2500 «Ø§÷Àç³y,0.2222,0.6622,0.5303,9282106830.0,1.78,62.133,-0.18,0.0076,71.35,-4.2586,0.0313,2
694,-0.0214,M2500 «Ø§÷Àç³y,0.1262,11.2242,0.9075,12500035242.0,0.93,73.7635,-0.52,0.0051,75.32,-1.9218,0.0646,2
695,-0.0184,M2500 «Ø§÷Àç³y,0.0891,2.3433,0.3308,6629834135.0,0.72,26.9846,0.37,0.2247,21.41,-0.883,-0.0391,2
696,-0.0205,M2500 «Ø§÷Àç³y,0.5987,5.4423,0.2609,33734831379.0,1.28,61.9996,0.2,0.0318,55.53,-0.3974,-0.0278,2
697,0.009,M2600 ¯è¹B·~,-0.0071,-0.4069,0.4857,18456150755.0,1.85,22.9212,0.86,0.0314,60.91,-0.3174,0.155,3
698,-0.0184,M2600 ¯è¹B·~,0.1391,2.1013,0.3016,8447194024.0,0.73,10.7582,-0.68,0.1047,53.12,-0.1527,-0.0923,3
699,-0.0323,M2700 Æ[¥úÀ\®È,0.2372,3.7054,0.3449,5731313732.0,3.31,9.5863,2.4,0.1158,53.18,9.5313,0.2085,1
700,-0.0247,M2800 ª÷¿Ä·~,0.0488,-0.0147,0.4743,215875111989.0,1.22,17.5211,0.22,0.0213,89.4,0.0174,0.0307,3
701,-0.0244,M2800 ª÷¿Ä·~,0.0333,0.066,0.2993,378670267733.0,1.56,23.9663,0.11,0.0161,94.86,0.0718,0.0624,3
702,-0.0577,M2800 ª÷¿Ä·~,0.5851,0.8663,0.443,52600886100.0,1.0,13.1107,0.73,0.0299,84.72,0.2229,0.4286,3
703,-0.021,M2800 ª÷¿Ä·~,0.2271,0.0418,0.43,14337019668.0,1.53,25.344,0.53,0.0936,86.64,0.1065,0.1408,3
704,-0.019,M2328 ¹q¤l¹s²Õ¥ó,-0.0752,-0.7321,0.3645,3258971817.0,0.95,2.3569,0.15,0.415,57.59,0.881,-0.0628,0
705,0.0617,M2330 ¸ê°TªA°È·~,-0.1968,-0.4874,0.5923,10786960932.0,2.99,2.2712,1.29,0.0916,59.22,-0.1285,0.1242,1
706,0.0291,M2328 ¹q¤l¹s²Õ¥ó,0.1649,0.0098,0.2728,9693219409.0,1.85,6.0474,1.95,0.2096,38.89,0.9762,-0.0116,0
707,-0.0433,M2326 ¥ú¹q·~,-0.1179,-0.1724,0.5796,29697321395.0,0.77,11.7079,-2.33,0.0574,23.11,-0.3013,-0.0544,1
708,0.4664,M2325 ¹q¸£¤Î¶gÃä,0.2669,0.1351,1.3829,8036663970.0,5.4,11.2233,2.96,0.1861,64.23,3.3336,0.1172,3
709,0.0191,M2326 ¥ú¹q·~,-0.0491,0.808,0.0939,10251412310.0,1.16,2.0512,-0.41,0.2889,49.46,0.7257,0.0198,1
710,-0.0078,M2325 ¹q¸£¤Î¶gÃä,0.2016,0.0248,0.2309,4886648742.0,1.25,3.5554,1.47,0.1346,51.81,-0.1027,0.0993,3
711,0.0813,M2328 ¹q¤l¹s²Õ¥ó,-0.0507,-0.0503,0.2185,1643938431.0,1.46,7.307,0.39,0.2213,42.48,1.4037,-0.0374,0
712,0.0087,M2327 ³q«Hºô¸ô·~,0.0272,-0.7452,0.2872,2493160235.0,0.65,20.1533,0.09,0.0411,5.84,1.8899,0.4562,1
713,0.0022,M2331 ¨ä¥L¹q¤l·~,0.3314,-0.3363,1.608,51436891300.0,4.3,2.7107,2.17,0.3483,67.24,1.9154,0.0669,1
714,-0.0152,M2328 ¹q¤l¹s²Õ¥ó,0.003,-0.6949,0.1829,1864673382.0,1.32,2.4608,-3.62,0.0868,78.06,-1.4889,-0.0417,0
715,0.0291,M2327 ³q«Hºô¸ô·~,-0.0365,-0.5546,0.4247,3142402543.0,1.07,13.3852,-1.57,0.2902,25.26,-7.2404,-0.2512,1
716,0.2206,M2327 ³q«Hºô¸ô·~,-0.0146,-0.5695,0.3861,1694158476.0,1.19,4.8196,-1.26,0.2551,47.89,0.0938,0.0137,1
717,-0.0048,M2328 ¹q¤l¹s²Õ¥ó,-0.0532,-0.2822,0.5778,12922651579.0,0.96,8.1851,-2.55,0.1456,36.23,0.3731,-0.1683,0
718,0.0347,M2328 ¹q¤l¹s²Õ¥ó,0.0265,-0.3154,0.2791,2315146111.0,1.49,18.9715,1.35,0.1441,29.35,0.359,-0.0771,0
719,0.119,M2326 ¥ú¹q·~,-0.0102,-0.7548,0.7416,1261440000.0,1.33,5.8844,0.89,0.387,34.76,2.6046,-0.0549,1
720,-0.0087,M3600 ¼Æ¦ì¶³ºÝ,-0.0293,-0.685,-0.1199,3060102208.0,2.24,4.2621,0.69,0.231,30.52,1.3122,-0.0824,1
721,0.0715,M2325 ¹q¸£¤Î¶gÃä,0.0995,-0.3652,0.602,14477661413.0,2.81,7.0495,-0.54,0.1426,58.38,-1.942,-0.1082,3
722,-0.0146,M2326 ¥ú¹q·~,-0.0664,-0.7504,0.7017,4813131128.0,1.63,10.4866,0.13,0.2057,19.58,-0.3785,-0.0394,1
723,0.1145,M2326 ¥ú¹q·~,0.4,-0.3654,0.3278,86742186406.0,2.13,8.0115,3.31,0.6451,38.91,1.6424,-0.026,1
724,0.0561,M2500 «Ø§÷Àç³y,0.6622,7.8874,-0.0275,22723532639.0,1.87,44.9859,0.1,0.0508,74.17,-0.8935,-0.0215,2
725,-0.0213,M2330 ¸ê°TªA°È·~,0.0886,-0.1432,0.1378,10660185000.0,4.12,18.563,2.79,0.2404,34.57,-0.0021,0.2446,1
726,0.0,M9900 ¨ä¥L,0.0658,-0.2513,0.0787,8248387311.0,2.03,15.8487,1.71,0.3532,49.25,-0.0027,0.065,1
727,-0.0044,M2329 ¹q¤l³q¸ô·~,0.3129,-0.0993,0.8037,19051414752.0,3.13,1.6773,3.23,0.14,64.26,1.8829,0.2243,3
728,-0.0474,M2328 ¹q¤l¹s²Õ¥ó,0.0535,-0.4314,0.3747,32994129310.0,1.57,6.4381,1.62,0.2603,42.63,-0.018,0.1312,0
729,0.1306,M2331 ¨ä¥L¹q¤l·~,0.2581,1.8189,0.2127,10529056815.0,1.53,5.9001,2.27,0.1454,44.53,0.4652,0.1165,1
730,0.0547,M2331 ¨ä¥L¹q¤l·~,-0.0222,-0.1497,1.2974,30005592216.0,2.81,2.053,1.26,0.1562,73.69,0.071,0.2156,1
731,0.2704,M2328 ¹q¤l¹s²Õ¥ó,0.72,-0.0121,1.6032,17963448089.0,5.3,12.2205,4.67,0.184,42.21,1.3145,0.2651,0
732,0.016,M2331 ¨ä¥L¹q¤l·~,-0.0079,-0.3687,0.1565,5229528400.0,2.26,8.6287,1.65,0.2668,32.81,-0.0414,0.0989,1
733,0.0237,M2324 ¥b¾ÉÅé,-0.0314,0.5579,0.6599,13131732795.0,3.22,29.6074,-0.69,0.1307,34.61,-2.2325,-0.1079,1
734,-0.0223,M2328 ¹q¤l¹s²Õ¥ó,-0.0654,-0.7498,0.7833,6107463447.0,2.57,18.5275,1.43,0.2331,35.31,-0.4604,0.1586,0
735,0.0432,M2325 ¹q¸£¤Î¶gÃä,0.295,-0.0816,0.4374,12294318325.0,2.27,12.1323,3.73,0.4328,18.05,3.2765,0.0083,3
736,0.2686,M2326 ¥ú¹q·~,-0.0417,-0.4134,0.1388,4322055686.0,1.47,7.1846,-0.41,0.1313,26.13,0.5923,-0.0715,1
737,0.0755,M2328 ¹q¤l¹s²Õ¥ó,0.1484,2.0286,0.893,37436460040.0,1.79,6.0826,0.55,0.1585,41.84,1.0763,0.0186,0
738,0.0281,M2330 ¸ê°TªA°È·~,0.0826,-0.1247,0.5849,32559018375.0,2.13,3.196,2.32,0.1707,47.84,0.4372,0.0694,1
739,0.1267,M2331 ¨ä¥L¹q¤l·~,0.775,3.5745,0.8423,4116162793.0,1.98,14.1927,1.58,0.2608,24.18,0.0727,-0.0066,1
740,0.2288,M2327 ³q«Hºô¸ô·~,0.2324,-0.2571,0.5735,3539156512.0,1.89,12.6457,3.51,0.131,11.65,7.686,0.0664,1
741,-0.0183,M2328 ¹q¤l¹s²Õ¥ó,0.0061,-0.2903,0.5664,4616284958.0,1.9,7.4119,0.09,0.2711,37.9,4.0128,-0.0245,0
742,-0.0118,M2326 ¥ú¹q·~,-0.0062,-0.4404,-0.0774,442020000.0,4.79,32.1119,1.18,0.3574,12.61,2.4494,0.1104,1
743,0.0591,M2326 ¥ú¹q·~,-0.0648,-0.6141,0.4548,1177859869.0,1.07,7.7922,-0.24,0.1476,47.53,0.7222,-0.0723,1
744,0.0778,M2325 ¹q¸£¤Î¶gÃä,1.1049,1.6518,-0.6724,25871892006.0,2.79,14.6451,0.54,0.3052,39.62,-0.5333,-0.1315,3
745,-0.0114,M2325 ¹q¸£¤Î¶gÃä,-0.1568,-0.1889,1.0448,16761004292.0,4.96,10.7366,2.39,0.1064,56.46,0.0124,0.434,3
746,0.1407,M2324 ¥b¾ÉÅé,0.1026,-0.4923,0.7151,120986413695.0,2.68,6.6009,1.96,0.1876,34.72,0.5403,-0.0488,0
747,0.0618,M2324 ¥b¾ÉÅé,-0.2424,-0.711,0.4885,2628834027.0,3.54,14.6583,2.21,0.2966,26.04,0.4835,-0.0406,1
748,0.0396,M2324 ¥b¾ÉÅé,0.1349,-0.4174,0.6293,36212707799.0,1.91,8.7009,2.42,0.2647,47.25,2.2954,0.014,0
749,-0.0834,M2328 ¹q¤l¹s²Õ¥ó,0.1667,0.9443,0.303,30260693769.0,1.21,4.4577,0.07,0.1741,37.39,-0.8236,-0.0056,0
750,0.023,M2324 ¥b¾ÉÅé,0.0383,-0.0851,1.0557,30659404510.0,1.25,10.3195,1.14,0.1464,28.47,-0.0202,-0.0332,0
751,0.0248,M2325 ¹q¸£¤Î¶gÃä,0.0152,-0.2171,0.1018,9127393981.0,2.12,7.7678,1.72,0.147,32.77,-0.4194,-0.0575,3
752,-0.0084,M2326 ¥ú¹q·~,0.2553,0.2196,0.7723,33326716320.0,1.58,3.0494,1.46,0.1767,59.88,1.3931,0.0677,1
753,-0.0094,M2329 ¹q¤l³q¸ô·~,0.0536,-0.3545,0.135,8003990541.0,3.27,1.7948,1.25,0.0762,75.41,-0.161,0.0318,3
754,0.0121,M2328 ¹q¤l¹s²Õ¥ó,-0.1209,-0.4256,0.6711,31391258108.0,1.46,4.3691,-0.06,0.15,53.65,-3.7549,0.561,0
755,-0.1422,M2331 ¨ä¥L¹q¤l·~,0.3622,12.0847,-0.1277,5006629711.0,2.24,15.1379,-0.89,0.2636,25.85,0.5832,-0.1504,1
756,0.03,M2327 ³q«Hºô¸ô·~,0.0459,-0.6456,0.5629,68916553465.0,2.32,2.6937,1.25,0.1417,53.94,0.3039,0.1313,1
757,-0.0162,M2200 ¨T¨®¤u·~,-0.0393,-0.3967,0.6714,6515188120.0,2.29,4.6967,0.88,0.077,56.34,10.5304,0.2085,3
758,0.0545,M2326 ¥ú¹q·~,-0.0716,-0.8445,0.5433,1488067000.0,0.64,37.9454,-0.24,0.587,2.26,0.6749,-0.0467,1
759,0.0744,M2331 ¨ä¥L¹q¤l·~,0.1941,-0.1904,0.7318,139946415379.0,15.2,30.4317,4.68,0.4074,41.9,-0.043,-0.0049,1
760,-0.0544,M2328 ¹q¤l¹s²Õ¥ó,0.0233,-0.1785,0.6669,59144385462.0,5.55,7.3508,2.33,0.1335,58.22,0.1715,0.0681,0
761,0.0469,M2325 ¹q¸£¤Î¶gÃä,0.1201,-0.4369,0.6502,41984095808.0,2.28,1.2832,1.19,0.1758,63.17,0.2821,0.2236,3
762,0.05,M2327 ³q«Hºô¸ô·~,0.1449,-0.6372,0.8128,8506719676.0,2.95,10.1348,1.22,0.1635,39.2,-0.3043,0.0857,1
763,0.0109,M2327 ³q«Hºô¸ô·~,-0.1016,-0.8087,0.4944,2432409432.0,2.53,30.5729,-2.67,0.1821,8.25,-0.0214,-0.1452,1
764,-0.0766,M2331 ¨ä¥L¹q¤l·~,0.1748,0.0745,0.9947,9568713169.0,2.25,7.5149,1.77,0.2722,48.91,-0.2225,0.0056,1
765,0.5782,M2327 ³q«Hºô¸ô·~,0.7255,0.4256,1.0072,13311245555.0,3.85,16.1091,3.41,0.244,27.53,32.8143,0.1845,1
766,-0.0427,M2326 ¥ú¹q·~,0.0274,-0.1056,0.4762,14889108905.0,1.95,12.7518,0.31,0.0745,34.77,-0.8752,0.0487,1
767,0.3501,M1722 ¥Í§ÞÂåÀø,0.1332,0.4131,1.0157,120755525273.0,4.5,73.0329,1.23,0.7047,10.36,1.4492,0.6435,0
768,0.1281,M2328 ¹q¤l¹s²Õ¥ó,0.6782,4.1842,0.7889,10963378395.0,2.19,15.1981,2.72,0.2735,41.03,3.7301,0.1289,0
769,-0.0082,M9900 ¨ä¥L,-0.0116,0.4961,0.0705,10140937050.0,1.38,9.4833,1.51,0.1051,54.83,-0.0756,0.0033,1
770,0.0612,M1722 ¥Í§ÞÂåÀø,0.1322,1.6842,0.5093,74281244149.0,7.63,25.9952,2.76,0.2631,62.63,-0.311,0.3442,0
771,-0.0173,M2326 ¥ú¹q·~,0.0109,-0.482,0.6225,4499020881.0,1.54,24.1251,-0.31,0.0553,58.0,-1.644,-0.0453,1
772,-0.0827,M1722 ¥Í§ÞÂåÀø,0.3246,0.23,0.2293,38664982200.0,3.67,22.4129,3.78,0.0809,30.31,0.5066,0.4048,0
773,-0.0239,M9900 ¨ä¥L,0.0479,-0.3087,0.1127,5315329140.0,1.41,3.7004,0.88,0.1356,64.27,5.8547,-0.003,1
774,-0.0718,M9700 ªo¹q¿U®ð·~,-0.0436,0.2155,0.2073,648365391794.0,2.06,3.7872,1.23,0.0951,22.17,0.1332,0.0074,1
775,0.1623,M2324 ¥b¾ÉÅé,0.0119,0.5379,1.2133,30210310332.0,7.47,28.1529,3.94,0.1052,37.55,0.3919,0.0057,1
776,0.1932,M2324 ¥b¾ÉÅé,0.1115,-0.0817,1.2747,111141685099.0,6.39,29.0447,2.0,0.4901,23.14,2.4367,0.2464,0
777,0.007,M2324 ¥b¾ÉÅé,-0.274,-0.4567,0.7743,27989972820.0,6.13,37.5455,2.92,0.324,17.04,4.9,0.0788,1
778,0.0763,M2324 ¥b¾ÉÅé,-0.2968,-0.5599,0.6569,19804506201.0,4.56,92.9187,-0.95,0.3733,8.64,0.0678,-0.0156,1
779,0.2059,M2324 ¥b¾ÉÅé,0.4682,13.765,0.6417,4099320200.0,1.07,8.3336,0.6,0.1423,38.85,2.2455,-0.1113,2
780,0.0311,M2331 ¨ä¥L¹q¤l·~,-0.0123,-0.363,0.2313,2260311888.0,1.41,8.7572,0.13,0.2417,20.25,1.043,-0.1226,1
781,0.071,M2325 ¹q¸£¤Î¶gÃä,0.0409,-0.7023,0.5338,25714714195.0,2.52,14.2661,3.21,0.3258,17.35,0.3898,0.3084,3
782,-0.0189,M3500 ºñ¯àÀô«O,0.2585,1.0754,0.3272,11204978321.0,2.67,23.9715,2.83,0.1692,19.1,0.5223,-0.0825,1
783,0.0116,M2100 ¾ó½¦¤u·~,0.0239,-0.193,-0.0613,5457350847.0,0.86,25.7568,-0.4,0.0531,5.17,-0.0928,-0.025,1
784,-0.2241,M9900 ¨ä¥L,0.5455,-0.0391,0.7337,16235391146.0,3.95,20.4833,3.62,0.1578,39.67,2.8229,0.1093,1
785,0.0045,M9900 ¨ä¥L,-0.0826,-0.207,0.3323,71150272080.0,1.93,9.1409,0.29,0.0168,87.83,-0.0659,0.194,1
786,0.0748,M2200 ¨T¨®¤u·~,0.4603,-0.32,0.5074,35621291924.0,2.04,7.4296,2.98,0.1388,43.45,0.9759,-0.0247,3
787,0.0276,M1500 ¹q¾÷¾÷±ñ,0.119,-0.0227,0.1916,2799179101.0,1.82,16.1369,1.08,0.0503,27.26,0.3536,-0.053,3
788,0.0346,M9900 ¨ä¥L,-0.1157,0.4361,0.2422,4734218882.0,4.67,10.1796,2.76,0.3652,43.45,1.8727,0.702,1
789,-0.0041,M9900 ¨ä¥L,0.0513,-0.3677,0.1264,9250595399.0,4.04,17.2373,1.34,0.029,64.14,0.5815,0.0205,1
790,-0.0764,M1722 ¥Í§ÞÂåÀø,-0.129,-0.1707,0.4736,4733434427.0,5.8,3361.8142,-5.24,0.3763,3.97,0.2405,0.407,0
791,0.1578,M2331 ¨ä¥L¹q¤l·~,0.0023,-0.0691,0.5553,1521331641.0,1.33,5.3778,0.22,0.2351,51.85,-0.3473,0.1575,1
792,-0.086,M2326 ¥ú¹q·~,0.3485,-0.0007,0.0831,6589089525.0,3.16,29.2977,-1.23,0.1772,42.61,0.4142,-0.0629,1
793,0.0664,M2325 ¹q¸£¤Î¶gÃä,0.1066,-0.2692,1.313,474555220000.0,8.18,6.8156,4.96,0.2557,56.48,0.4272,0.1209,3
794,-0.0719,M3700 ¹B°Ê¥ð¶¢,0.4099,1.9037,0.1175,41633320561.0,2.53,6.5383,4.87,0.313,33.03,0.3086,-0.0385,1
795,0.1713,M2327 ³q«Hºô¸ô·~,-0.1509,-0.4482,0.1619,1572287895.0,1.58,6.9737,-2.54,0.3027,27.37,0.3494,-0.336,1
796,0.1726,M3600 ¼Æ¦ì¶³ºÝ,-0.2899,-0.2296,0.9261,6113451600.0,2.56,2.2544,0.29,0.2606,49.06,0.3024,0.0889,1
797,0.131,M2331 ¨ä¥L¹q¤l·~,0.077,-0.3853,0.6398,31391785515.0,7.41,11.3974,3.02,0.2908,60.81,-0.0724,-0.0414,1
798,0.314,M2324 ¥b¾ÉÅé,-0.3886,-0.6025,0.6076,5055014900.0,3.61,23.4975,-1.18,0.4095,8.34,0.3797,0.0041,1
799,0.0955,M2331 ¨ä¥L¹q¤l·~,-0.0816,-0.7399,0.5008,2167625435.0,1.92,9.987,-0.36,0.1611,34.97,0.5912,-0.0145,1
800,0.7648,M2326 ¥ú¹q·~,-0.1812,-0.3282,0.488,4056381360.0,1.07,22.5716,-1.08,0.253,40.8,-0.2482,-0.0981,1
801,0.1626,M2328 ¹q¤l¹s²Õ¥ó,-0.0414,-0.6248,0.9047,10445602851.0,3.51,18.7834,2.34,0.4386,23.66,0.0543,0.1749,0
802,0.1093,M2324 ¥b¾ÉÅé,-0.0292,-0.3482,0.8074,27813420136.0,2.97,32.8659,1.29,0.1642,8.68,6.2297,-0.0689,1
803,-0.0792,M2326 ¥ú¹q·~,0.0227,-0.3269,1.1722,5345452440.0,3.64,37.4321,0.18,0.4602,23.86,-0.8685,0.0611,1
804,0.0035,M2331 ¨ä¥L¹q¤l·~,0.126,1.0217,0.7981,8378505000.0,2.92,7.3244,-0.05,0.0245,69.27,-0.7235,0.1132,1
805,-0.0435,M2600 ¯è¹B·~,0.5361,0.5624,1.0524,13413944040.0,3.87,11.7745,2.95,0.1764,62.66,0.6433,0.2663,3
806,0.0352,M3800 ©~®a¥Í¬¡,0.1316,0.1959,0.637,3868095000.0,1.98,3.4098,1.29,0.2588,56.49,0.5884,0.0866,1
807,0.0455,M2324 ¥b¾ÉÅé,-0.2186,-0.688,0.8261,13622895000.0,5.36,34.7824,1.4,0.3938,22.65,2.3893,0.0022,1
808,0.1271,M2600 ¯è¹B·~,0.3055,0.6005,0.4135,20127414000.0,2.95,4.7398,4.95,0.3631,73.15,1.0093,0.2717,3
809,0.0723,M2324 ¥b¾ÉÅé,-0.0818,0.6295,0.8423,103363045297.0,1.14,9.5529,-0.11,0.1235,48.54,-3.3516,0.079,0
810,0.0,M2329 ¹q¤l³q¸ô·~,0.0903,-0.7602,0.4612,4841817080.0,2.38,0.8786,1.41,0.0686,69.31,0.0086,0.2159,3
811,0.1356,M1722 ¥Í§ÞÂåÀø,-0.0589,0.0856,0.0372,14451910200.0,4.83,17.7402,3.61,0.1029,39.52,3.3626,-0.004,0
812,0.2793,M2324 ¥b¾ÉÅé,-0.1283,-0.6159,0.8545,83915012848.0,5.69,39.7822,0.8,0.5028,31.68,1.3578,-0.0916,0
813,0.0,M1900 ³y¯È¤u·~,0.2485,0.4507,0.1047,13268939583.0,2.18,5.0986,2.78,0.2419,34.67,1.1255,0.1726,1
814,0.0087,M2327 ³q«Hºô¸ô·~,-0.0907,-0.3548,0.5162,3668317515.0,2.54,12.0417,1.22,0.173,21.99,-0.3974,-0.0571,1
815,0.0185,M1722 ¥Í§ÞÂåÀø,-0.206,-0.3578,0.5422,2723774155.0,3.78,28.0504,-0.63,0.2821,43.53,-1.7853,0.6319,0
816,0.1146,M2324 ¥b¾ÉÅé,-0.1932,-0.8449,0.8038,5931640965.0,5.46,26.6928,2.45,0.1528,19.87,0.0187,0.0625,1
817,0.1837,M2328 ¹q¤l¹s²Õ¥ó,-0.1099,0.5735,1.2489,45182851401.0,12.08,26.411,2.43,0.6409,53.55,1.9398,0.7545,0
818,0.1,M3500 ºñ¯àÀô«O,0.1528,-0.6151,0.6565,31724853003.0,2.68,13.608,0.36,0.1261,59.72,0.7971,0.6861,1
819,0.122,M2331 ¨ä¥L¹q¤l·~,-0.1241,-0.2258,0.5602,6341458592.0,2.6,14.5831,-0.12,0.1532,44.86,-1.2665,0.2342,1
820,0.446,M2328 ¹q¤l¹s²Õ¥ó,0.0598,6.4742,0.3221,2428531201.0,1.53,9.4762,0.29,0.1535,30.87,1.1273,-0.0354,0
821,-0.0416,M2328 ¹q¤l¹s²Õ¥ó,0.1921,0.179,0.8929,3475104349.0,2.13,6.0388,2.22,0.4072,48.04,0.676,0.0974,0
822,0.0278,M1722 ¥Í§ÞÂåÀø,-0.0941,-0.2593,0.6958,2953647885.0,2.45,6.4445,0.94,0.2662,41.26,-0.313,-0.0803,0
823,-0.021,M3500 ºñ¯àÀô«O,0.2723,0.3706,-0.1824,19289782860.0,3.93,19.2518,0.01,0.1481,56.41,-1.0249,0.3063,1
824,0.0206,M3500 ºñ¯àÀô«O,0.1252,0.0324,0.0614,20292562951.0,2.98,22.9663,0.57,0.3445,55.3,-0.3634,0.6049,1
825,0.005,M9900 ¨ä¥L,-0.1115,-0.3739,0.5445,33603510000.0,2.95,-43.4322,-6.38,0.0054,1.43,-28.854,0.0968,1
826,0.166,M3600 ¼Æ¦ì¶³ºÝ,-0.3444,-0.3847,0.6596,4221305586.0,5.91,54.6865,2.08,0.226,14.85,0.0746,0.5602,1
827,0.0728,M2326 ¥ú¹q·~,-0.0848,-0.5531,0.6842,1673628750.0,1.54,3.5752,0.26,0.3264,51.2,-0.8792,0.0891,1
828,-0.0026,M2324 ¥b¾ÉÅé,-0.0462,1.0218,0.9543,13163456308.0,4.52,25.8229,2.11,0.1997,22.43,1.1752,0.4059,0
829,0.0774,M2327 ³q«Hºô¸ô·~,-0.0882,-0.6397,0.6083,3600505035.0,1.38,4.7757,0.92,0.0634,52.34,2.2467,0.1388,1
830,0.054,M2324 ¥b¾ÉÅé,-0.0379,-0.6127,0.4663,30636945707.0,3.46,7.3838,3.13,0.3542,34.8,0.46,0.0293,1
831,0.0542,M2331 ¨ä¥L¹q¤l·~,0.0616,0.2617,0.4726,4175755008.0,0.93,5.6706,0.24,0.3141,28.02,0.3156,-0.0328,1
832,0.513,M2324 ¥b¾ÉÅé,0.0254,0.1453,0.8639,8808880531.0,2.21,11.9776,0.83,0.172,55.57,0.0229,0.0392,0
833,-0.1562,M9900 ¨ä¥L,0.4981,1.7794,0.0413,11917119150.0,7.51,42.2172,1.24,0.1126,37.2,2.8471,0.0329,1
834,0.1056,M2328 ¹q¤l¹s²Õ¥ó,0.0533,1.4069,0.4171,12412951232.0,1.21,6.2906,1.0,0.1829,41.06,3.9038,0.0928,0
835,0.0104,M2328 ¹q¤l¹s²Õ¥ó,-0.1492,0.1484,0.9953,119797401260.0,2.88,16.8715,-0.21,0.1868,34.83,-1.0656,-0.1818,0
836,0.022,M2329 ¹q¤l³q¸ô·~,0.3271,0.2717,0.7946,3378038688.0,1.71,0.8405,1.56,0.2025,45.78,0.4997,0.1104,3
837,0.0716,M2329 ¹q¤l³q¸ô·~,0.0056,-0.7536,0.4564,2106712000.0,0.98,9.338,1.25,0.1563,10.3,1.929,-0.0016,3
838,0.0582,M2324 ¥b¾ÉÅé,0.1774,0.1309,0.3071,23989960157.0,3.58,12.3729,3.66,0.4762,31.48,0.4849,0.1485,0
839,0.1269,M2327 ³q«Hºô¸ô·~,-0.1615,-0.0114,0.1081,534092632.0,6.24,19.2946,-7.69,0.0084,92.67,0.1982,-0.2067,4
840,0.2239,M2328 ¹q¤l¹s²Õ¥ó,0.0271,-0.078,0.584,4105864415.0,1.21,6.1007,1.68,0.4689,39.42,1.9672,0.0201,0
841,-0.0099,M2326 ¥ú¹q·~,0.0122,-0.1984,0.5666,3061165945.0,1.32,5.5201,0.48,0.1561,56.27,-0.9558,-0.0509,1
842,0.0769,M2326 ¥ú¹q·~,-0.019,-0.7986,0.5521,5663828267.0,0.78,2.8381,0.6,0.2188,29.61,0.2123,-0.0803,1
843,0.0421,M2324 ¥b¾ÉÅé,0.224,-0.2951,0.974,9663614786.0,0.88,4.884,0.92,0.1028,36.69,3.0184,-0.1256,0
844,0.0083,M2329 ¹q¤l³q¸ô·~,0.336,0.2045,1.1159,43651629920.0,2.29,0.782,1.65,0.022,73.34,1.6494,0.5395,3
845,0.298,M2325 ¹q¸£¤Î¶gÃä,0.0568,-0.6713,0.4999,12682110114.0,2.31,5.7231,1.47,0.1993,56.65,0.2234,0.0163,3
846,0.0026,M2324 ¥b¾ÉÅé,0.0026,-0.3351,0.3497,16530089807.0,1.41,7.0053,2.62,0.346,14.15,0.5019,-0.093,1
847,0.0252,M2324 ¥b¾ÉÅé,-0.0046,-0.5205,0.7854,30334640136.0,1.44,5.5981,1.07,0.267,44.51,1.1635,-0.0032,0
848,0.0118,M2325 ¹q¸£¤Î¶gÃä,0.3228,-0.3143,0.5072,17624404063.0,1.53,3.4482,0.62,0.1585,55.27,0.0072,-0.0466,3
849,0.0277,M2331 ¨ä¥L¹q¤l·~,-0.107,-0.5889,0.6003,1119474636.0,2.49,10.8126,-2.93,0.3936,22.37,0.0854,-0.1471,1
850,0.0083,M2325 ¹q¸£¤Î¶gÃä,0.0818,0.353,0.9225,35377945390.0,5.0,12.7569,2.82,0.2535,54.81,12.1665,0.2061,3
851,-0.014,M2328 ¹q¤l¹s²Õ¥ó,-0.0439,0.4487,0.3497,10364202591.0,0.78,2.4828,0.49,0.367,46.15,-0.3434,0.0309,0
852,-0.003,M2326 ¥ú¹q·~,-0.0986,-0.311,0.2867,10049105515.0,1.98,2.1879,0.3,0.0367,60.51,-0.2705,0.054,1
853,-0.0498,M1500 ¹q¾÷¾÷±ñ,-0.0276,0.0557,0.5788,3115321534.0,3.75,16.5153,2.05,0.157,45.88,4.5357,0.1365,3
854,-0.0101,M2328 ¹q¤l¹s²Õ¥ó,0.012,-0.7191,0.3387,4149539164.0,0.78,6.1164,0.37,0.3344,28.7,-0.4987,0.0844,0
855,0.0012,M2324 ¥b¾ÉÅé,-0.0749,-0.2604,0.4376,9517455396.0,1.91,16.1384,1.47,0.1032,8.4,0.5028,-0.0541,1
856,0.0493,M2324 ¥b¾ÉÅé,0.099,-0.4764,1.2495,7902148977.0,1.9,4.0592,1.87,0.1135,25.87,-0.0836,0.1037,0
857,0.0197,M3500 ºñ¯àÀô«O,-0.0794,-0.3224,0.3831,12026456000.0,2.74,15.7558,0.72,0.0589,52.58,-0.5509,-0.0156,1
858,0.0409,M2600 ¯è¹B·~,0.083,0.2519,0.1411,4165361466.0,1.24,6.6636,0.67,0.0425,73.5,-0.3216,0.3882,3
859,1.3226,M1500 ¹q¾÷¾÷±ñ,0.0877,-0.5558,0.3553,3403558241.0,1.73,4.8456,0.09,0.1476,31.23,-0.8676,-0.0838,3
860,0.0132,M3500 ºñ¯àÀô«O,0.0387,1.1501,0.2492,19967480943.0,2.99,15.5832,1.67,0.0721,58.14,-0.2114,0.2358,1
861,0.1721,M3500 ºñ¯àÀô«O,0.3398,10.0388,0.3116,2346636610.0,1.12,3.3678,0.97,0.2002,37.96,0.7215,-0.0327,1
862,0.0,M2900 ¶T©ö¦Ê³f,0.0427,-0.6121,0.2351,814960000.0,0.96,2.679,0.62,0.1634,52.86,5.2238,0.0645,1
863,0.0131,M3600 ¼Æ¦ì¶³ºÝ,0.0024,-0.0869,0.2794,96398106079.0,8.34,3.5865,3.25,0.2463,60.02,0.0231,0.1305,1
864,-0.0808,M3700 ¹B°Ê¥ð¶¢,0.1239,-0.5543,0.2903,9892788132.0,4.83,8.6583,0.71,0.0767,81.8,3.0929,0.1047,1
865,-0.0151,M9900 ¨ä¥L,0.172,6.1734,-0.7107,4298805000.0,1.7,2.8301,1.31,0.0816,63.85,12.4073,0.0307,1
866,0.007,M3800 ©~®a¥Í¬¡,0.0173,0.3751,0.2275,100086968318.0,4.59,15.8551,4.29,0.4235,34.95,0.266,0.099,1
867,-0.0558,M3500 ºñ¯àÀô«O,0.2922,1.2291,0.2254,7517402033.0,1.14,10.0898,1.31,0.0995,48.49,7.0619,0.0019,1
868,0.0398,M3500 ºñ¯àÀô«O,0.0792,-0.667,0.4568,2250804623.0,2.67,7.0245,1.58,0.1271,32.76,2.204,0.273,1
869,0.0327,M3700 ¹B°Ê¥ð¶¢,0.0774,-0.4554,0.7586,33033717615.0,5.12,18.1475,4.68,0.0862,47.99,-0.1316,0.2813,1
870,0.0594,M9900 ¨ä¥L,0.0217,-0.1373,0.1352,3311891010.0,2.23,13.5938,2.1,0.4746,16.88,-0.186,-0.0781,1
871,0.028,M9700 ªo¹q¿U®ð·~,0.1584,-0.3892,0.5232,32554803109.0,2.17,16.0723,1.22,0.0939,40.0,-0.5474,0.0531,1
872,-0.0646,M2700 Æ[¥úÀ\®È,-0.0817,2.1135,0.0037,1859377932.0,2.19,2.9622,4.23,0.1411,58.31,0.5623,0.0343,1
873,0.1556,M1500 ¹q¾÷¾÷±ñ,0.5686,-0.3481,1.3325,39055426473.0,12.84,48.9464,2.83,0.1459,44.45,0.0152,0.0434,3
874,0.0568,M9900 ¨ä¥L,0.214,-0.4119,-0.346,1501766893.0,1.17,10.5078,2.75,0.1574,6.76,2.2068,0.0607,1
875,-0.0658,M3700 ¹B°Ê¥ð¶¢,0.259,-0.0563,0.7152,109769591757.0,0.78,1.7347,2.1,0.1358,38.06,3.6932,0.0672,1
876,-0.0102,M9900 ¨ä¥L,0.0294,-0.0129,0.0694,7138372500.0,0.94,3.6996,0.94,0.0488,26.78,0.342,-0.0236,1
877,0.063,M2500 «Ø§÷Àç³y,0.2428,-0.0084,0.2769,7198328159.0,4.23,83.7463,-0.31,0.0283,84.95,-2.0095,-0.094,2
878,0.0033,M9900 ¨ä¥L,-0.0227,-0.4079,0.1416,23385089626.0,1.16,2.4957,0.52,0.0963,39.35,-0.4899,-0.0047,1
879,-0.0077,M9700 ªo¹q¿U®ð·~,0.0,-0.4171,0.0245,16190663269.0,1.22,17.3996,1.2,0.185,26.52,-0.0554,0.0589,1
880,0.0063,M3700 ¹B°Ê¥ð¶¢,-0.045,-0.2312,0.5079,152917937522.0,6.24,7.4173,2.71,0.0651,47.63,0.6956,0.0393,1
881,-0.0567,M3800 ©~®a¥Í¬¡,0.3536,1.0301,0.3554,20298925058.0,3.32,8.4027,3.67,0.266,42.49,0.6268,0.1435,1
882,-0.04,M2325 ¹q¸£¤Î¶gÃä,0.1292,0.3537,-0.5288,740596510.0,1.39,6.1183,-2.59,0.1101,42.48,-4.356,-0.032,3
883,-0.0409,M3700 ¹B°Ê¥ð¶¢,0.3352,-0.1777,0.4476,70283258004.0,2.88,11.9861,1.22,0.0898,42.53,-0.2644,-0.0721,1
884,-0.0156,M9900 ¨ä¥L,0.094,-0.3001,0.3188,55536902663.0,4.17,12.9686,2.43,0.1666,49.28,0.0204,0.002,1
885,-0.0119,M9700 ªo¹q¿U®ð·~,0.0461,0.7094,0.2038,7301115137.0,2.39,10.8359,3.1,0.0859,47.34,0.2042,0.0558,1
886,0.0435,M9900 ¨ä¥L,-0.1263,0.5866,0.2938,4201354084.0,1.52,6.0002,-1.06,0.2456,62.33,-0.0266,0.1197,1
887,-0.0442,M3700 ¹B°Ê¥ð¶¢,0.2297,-0.4124,0.6613,87328670828.0,2.46,5.4367,0.93,0.208,55.71,-0.3782,-0.1265,1
888,-0.0039,M3800 ©~®a¥Í¬¡,0.132,0.1771,0.3292,10102035109.0,1.52,5.2959,2.59,0.2904,29.62,1.5348,0.0646,1
889,0.0071,M9900 ¨ä¥L,0.0449,-0.2973,0.0712,15471762446.0,1.4,7.9479,1.18,0.2138,32.37,0.0224,0.0463,1
890,-0.0181,M9700 ªo¹q¿U®ð·~,0.0018,0.5125,0.0788,9548970575.0,2.39,13.7743,1.46,0.0667,51.51,-0.048,0.0733,1
891,-0.0187,M9900 ¨ä¥L,0.157,0.0535,0.4547,12425459167.0,2.13,5.9014,4.26,0.3271,21.85,0.8251,-0.0041,1
892,0.0771,M9900 ¨ä¥L,0.0244,0.1506,0.2092,1287307642.0,0.49,5.6155,0.32,0.0333,60.48,1.485,0.0981,1
893,0.0705,M9900 ¨ä¥L,-0.0742,-0.393,0.1593,1579968000.0,1.85,8.8172,-0.28,0.1685,59.92,-4.3244,0.5099,1
894,-0.0075,M3500 ºñ¯àÀô«O,0.1481,1.327,-0.2215,15654091392.0,2.39,5.3272,2.56,0.0387,44.99,0.5982,-0.0533,1
895,0.0122,M9700 ªo¹q¿U®ð·~,-0.0454,0.0386,-0.0112,4310027522.0,1.63,6.538,1.05,0.0451,55.01,0.5954,0.0987,1
896,0.0454,M9900 ¨ä¥L,0.1277,1.4032,0.1793,36946649406.0,2.24,1.262,0.85,0.2415,81.29,0.2668,0.1665,1
897,-0.0126,M3800 ©~®a¥Í¬¡,0.2937,0.6113,0.1465,7546795555.0,1.14,1.7463,1.06,0.183,60.41,1.9011,-0.0242,1
898,0.0161,M3800 ©~®a¥Í¬¡,0.1635,0.9305,-0.1141,4265164314.0,1.59,3.8151,1.54,0.0819,67.05,3.9438,0.0117,1
899,-0.0192,M9700 ªo¹q¿U®ð·~,0.015,-0.222,0.3124,20286416936.0,3.56,3.458,1.48,0.0405,53.64,0.0427,-0.112,1
900,-0.0134,M9900 ¨ä¥L,0.2094,1.5975,0.2306,19666511424.0,1.44,5.532,1.45,0.1271,54.91,1.4576,0.0303,1
901,-0.0357,M9900 ¨ä¥L,0.1678,0.2931,0.0878,47615322223.0,2.67,7.3516,2.14,0.1262,59.23,0.6189,0.073,1
902,-0.01,M9900 ¨ä¥L,0.1227,1.6739,0.1959,23121211585.0,1.7,7.3643,1.58,0.1621,57.88,-0.0842,0.0409,1
903,0.0796,M9900 ¨ä¥L,-0.1351,-0.492,0.4056,89560982676.0,2.11,8.6161,0.45,0.0197,86.22,-0.2725,0.0694,1
904,-0.0267,M9900 ¨ä¥L,-0.0076,-0.353,0.2614,10210355599.0,2.68,10.7037,3.54,0.0877,22.72,-0.1065,0.0493,1
905,-0.0121,M2700 Æ[¥úÀ\®È,0.0237,-0.0402,0.1743,10690165727.0,3.02,15.5314,4.07,0.0724,38.77,-0.026,0.0328,1
906,-0.0195,M9900 ¨ä¥L,0.1309,5.1813,-0.0077,2361051637.0,0.61,3.2081,2.84,0.2989,42.24,-0.4747,0.0256,1
907,-0.0278,M9900 ¨ä¥L,0.2895,2.6437,0.4036,128118403421.0,0.97,18.3488,4.65,0.0204,40.58,20.8052,0.1142,1
908,0.1408,M2500 «Ø§÷Àç³y,0.6378,1.5823,0.5239,11796572736.0,1.24,39.1556,0.28,0.078,55.96,9.8613,-0.0085,2
909,-0.0109,M3500 ºñ¯àÀô«O,0.2888,5.9006,-0.0482,3124960497.0,1.99,11.4514,-0.89,0.0433,55.08,0.0064,-0.0384,1
910,0.4431,M2000 ¿ûÅK¤u·~,0.0234,0.1368,0.4565,60920475138.0,4.77,19.3463,2.61,0.0532,52.98,12.6174,0.0561,1
