model,preprocess_mode,use_rfe,runs,neg_rmsecatboost,p3,False,0,-0.10719638571404891
catboost,p1,False,0,-0.09548012485283885
catboost,p1,False,1,-0.18172180833430707
catboost,p1,False,2,-0.12870022304784048
catboost,p1,False,3,-0.12168700185628381
catboost,p1,False,4,-0.10466342543133544
catboost,p1,False,5,-0.1842203505290131
catboost,p1,False,6,-0.08514969959310491
catboost,p1,False,7,-0.1285426399940433
catboost,p1,False,8,-0.11008519543179178
catboost,p1,False,9,-0.10916274747764308
catboost,p1,False,10,-0.12131059065287862
catboost,p1,False,11,-0.07905631846781967
catboost,p1,False,12,-0.11861992813581881
catboost,p1,False,13,-0.08829024347802845
catboost,p1,False,14,-0.19978952172345657
catboost,p1,True,0,-0.09951579861300056
catboost,p1,True,1,-0.12177206256257854
catboost,p1,True,2,-0.1381358959938506
catboost,p1,True,3,-0.16328070177702328
catboost,p1,True,4,-0.12169317221481239
catboost,p1,True,5,-0.12567953098573706
catboost,p1,True,6,-0.14617999478941948
catboost,p1,True,7,-0.15256522124314964
catboost,p1,True,8,-0.11574279857886607
catboost,p1,True,9,-0.10514006186652483
catboost,p1,True,10,-0.10801567170180297
catboost,p1,True,11,-0.11844917382330712
catboost,p1,True,12,-0.15668161834216932
catboost,p1,True,13,-0.09572039895061119
catboost,p1,True,14,-0.15631505081818256
catboost,p2,False,0,-0.12906004474364674
catboost,p2,False,1,-0.15101865323949587
catboost,p2,False,2,-0.1586721446543045
catboost,p2,False,3,-0.10278818384370729
catboost,p2,False,4,-0.10098461836864946
catboost,p2,False,5,-0.09995376301865569
catboost,p2,False,6,-0.10189353287842108
catboost,p2,False,7,-0.11878957712223526
catboost,p2,False,8,-0.19397411454442084
catboost,p2,False,9,-0.11035520867647271
catboost,p2,False,10,-0.10512165467623823
catboost,p2,False,11,-0.13961638253201475
catboost,p2,False,12,-0.15480156594171957
catboost,p2,False,13,-0.10159700114751512
catboost,p2,False,14,-0.13943859386501334
catboost,p2,True,0,-0.11337117114349178
catboost,p2,True,1,-0.15439889660734327
catboost,p2,True,2,-0.0993723717899279
catboost,p2,True,3,-0.12393447462851925
catboost,p2,True,4,-0.14996212758078606
catboost,p2,True,5,-0.1605055338377821
catboost,p2,True,6,-0.13196770628046503
catboost,p2,True,7,-0.15227869239854402
catboost,p2,True,8,-0.1171067090369172
catboost,p2,True,9,-0.09315321216372913
catboost,p2,True,10,-0.1587659962344119
catboost,p2,True,11,-0.10766611712215607
catboost,p2,True,12,-0.13864967148549467
catboost,p2,True,13,-0.1149223696569169
catboost,p2,True,14,-0.12264665661639845
catboost,p3,False,0,-0.10735640862334671
catboost,p3,False,1,-0.12254417364701774
catboost,p3,False,2,-0.10934407423180004
catboost,p3,False,3,-0.1496284035095411
catboost,p3,False,4,-0.1600771336427352
catboost,p3,False,5,-0.1134081504462341
catboost,p3,False,6,-0.1384153846551382
catboost,p3,False,7,-0.14616045927187746
catboost,p3,False,8,-0.102139349477282
catboost,p3,False,9,-0.15971975194838556
catboost,p3,False,10,-0.10511825003722157
catboost,p3,False,11,-0.1756853594308001
catboost,p3,False,12,-0.10394053626757943
catboost,p3,False,13,-0.09197100782459888
catboost,p3,False,14,-0.1452699727157136
catboost,p3,True,0,-0.11652255958686332
catboost,p3,True,1,-0.1418102143534365
catboost,p3,True,2,-0.12366181325945025
catboost,p3,True,3,-0.16450086388199003
catboost,p3,True,4,-0.1039561107389557
catboost,p3,True,5,-0.11517723397381394
catboost,p3,True,6,-0.16892942808427672
catboost,p3,True,7,-0.11690231707804145
catboost,p3,True,8,-0.09712678708356458
catboost,p3,True,9,-0.14588728043996851
catboost,p3,True,10,-0.16115181053203217
catboost,p3,True,11,-0.1112907513662891
catboost,p3,True,12,-0.14251409644963348
catboost,p3,True,13,-0.10864259811635937
catboost,p3,True,14,-0.11254083696714527
catboost,p4,False,0,-0.1365543760960706
catboost,p4,False,1,-0.10418296823733664
catboost,p4,False,2,-0.10500621414301932
catboost,p4,False,3,-0.11297490593923479
catboost,p4,False,4,-0.18339853668308248
catboost,p4,False,5,-0.1535764562093369
catboost,p4,False,6,-0.12883221019275554
catboost,p4,False,7,-0.16513295946389717
catboost,p4,False,8,-0.08596549960438168
catboost,p4,False,9,-0.10294228822621271
catboost,p4,False,10,-0.11020840999332157
catboost,p4,False,11,-0.16652294947543061
catboost,p4,False,12,-0.10573829324196535
catboost,p4,False,13,-0.08495798721877389
catboost,p4,False,14,-0.16172379668930478
catboost,p4,True,0,-0.08700505858332636
catboost,p4,True,1,-0.1260808111829895
catboost,p4,True,2,-0.12460722079149966
catboost,p4,True,3,-0.18083166365151013
catboost,p4,True,4,-0.11269378777592018
catboost,p4,True,5,-0.10085086323004756
catboost,p4,True,6,-0.192409040064146
catboost,p4,True,7,-0.11406933441629423
catboost,p4,True,8,-0.11131156738677796
catboost,p4,True,9,-0.12213445638242572
catboost,p4,True,10,-0.12152962276344789
catboost,p4,True,11,-0.12481045711283471
catboost,p4,True,12,-0.1375263151502183
catboost,p4,True,13,-0.16855059128949856
catboost,p4,True,14,-0.10722344658476568
catboost,p5,False,0,-0.16119872017363607
catboost,p5,False,1,-0.12038708906700757
catboost,p5,False,2,-0.15325483657266928
catboost,p5,False,3,-0.09145701795227351
catboost,p5,False,4,-0.10540581752609351
catboost,p5,False,5,-0.12709962915180592
catboost,p5,False,6,-0.18534341512350866
catboost,p5,False,7,-0.09674082568001037
catboost,p5,False,8,-0.12351262201509389
catboost,p5,False,9,-0.10686874367045289
catboost,p5,False,10,-0.13066009564057315
catboost,p5,False,11,-0.11352157200909316
catboost,p5,False,12,-0.10042626282700122
catboost,p5,False,13,-0.1499745246615536
catboost,p5,False,14,-0.14776444460822766
catboost,p5,True,0,-0.1470563546341861
catboost,p5,True,1,-0.17002726548737843
catboost,p5,True,2,-0.12188722582142815
catboost,p5,True,3,-0.11064082789219613
catboost,p5,True,4,-0.09714066312006107
catboost,p5,True,5,-0.14481584010403917
catboost,p5,True,6,-0.11381240220424377
catboost,p5,True,7,-0.10493459090352261
catboost,p5,True,8,-0.11696010975892641
catboost,p5,True,9,-0.1678802824266698
catboost,p5,True,10,-0.10800382991260017
catboost,p5,True,11,-0.15235959315648906
catboost,p5,True,12,-0.10008817476428937
catboost,p5,True,13,-0.1608097486171153
catboost,p5,True,14,-0.1303122578609586
catboost,p6,False,0,-0.16833542966098278
catboost,p6,False,1,-0.11168293674709688
catboost,p6,False,2,-0.14353292086020347
catboost,p6,False,3,-0.11868225184955511
catboost,p6,False,4,-0.11690632927115288
catboost,p6,False,5,-0.16569491948529316
catboost,p6,False,6,-0.1114598837489046
catboost,p6,False,7,-0.10463127383111855
catboost,p6,False,8,-0.157171130750273
catboost,p6,False,9,-0.11467863122946434
catboost,p6,False,10,-0.12451153003036311
catboost,p6,False,11,-0.14064642602090102
catboost,p6,False,12,-0.09703953572781866
catboost,p6,False,13,-0.14683784850816525
catboost,p6,False,14,-0.1526028698031815
catboost,p6,True,0,-0.1616447462852226
catboost,p6,True,1,-0.13550919692164978
catboost,p6,True,2,-0.1274605351638358
catboost,p6,True,3,-0.10453541001323412
catboost,p6,True,4,-0.11184399285480294
catboost,p6,True,5,-0.10678585331645302
catboost,p6,True,6,-0.09593940693855274
catboost,p6,True,7,-0.1811636395504182
catboost,p6,True,8,-0.13449039634799145
catboost,p6,True,9,-0.1123372337803758
catboost,p6,True,10,-0.1428220373950448
catboost,p6,True,11,-0.13967776334829302
catboost,p6,True,12,-0.10485524455765233
catboost,p6,True,13,-0.11139296844087196
catboost,p6,True,14,-0.14474610133255253
catboost,p7,False,0,-0.1513045441585182
catboost,p7,False,1,-0.11633061671667806
catboost,p7,False,2,-0.12341678142088598
catboost,p7,False,3,-0.10736594036081804
catboost,p7,False,4,-0.14127839502037054
catboost,p7,False,5,-0.17503369678293448
catboost,p7,False,6,-0.1029483804587795
catboost,p7,False,7,-0.15947089341117643
catboost,p7,False,8,-0.11087768362081259
catboost,p7,False,9,-0.09947900544765509
catboost,p7,False,10,-0.10943433448930472
catboost,p7,False,11,-0.12572789799551765
catboost,p7,False,12,-0.154803049523861
catboost,p7,False,13,-0.14534885062847358
catboost,p7,False,14,-0.10837538564453973
catboost,p7,True,0,-0.19283179516289697
catboost,p7,True,1,-0.12853598315175424
catboost,p7,True,2,-0.09645914623536801
catboost,p7,True,3,-0.126137155944906
catboost,p7,True,4,-0.09255400594282663
catboost,p7,True,5,-0.1137790896694824
catboost,p7,True,6,-0.11667091272679798
catboost,p7,True,7,-0.14646396778304088
catboost,p7,True,8,-0.1591665879871315
catboost,p7,True,9,-0.09946113375279338
catboost,p7,True,10,-0.14698340631401055
catboost,p7,True,11,-0.15408436518101123
catboost,p7,True,12,-0.12379514599526278
catboost,p7,True,13,-0.13102972482102804
catboost,p7,True,14,-0.0954250134275187
catboost,p8,False,0,-0.11520338412824822
catboost,p8,False,1,-0.1495600927110948
catboost,p8,False,2,-0.15064354289370363
catboost,p8,False,3,-0.1121320935501392
catboost,p8,False,4,-0.12437258617197629
catboost,p8,False,5,-0.159789699241097
catboost,p8,False,6,-0.12487907088215068
catboost,p8,False,7,-0.13613554879341563
catboost,p8,False,8,-0.10404269114256882
catboost,p8,False,9,-0.11831219879207519
catboost,p8,False,10,-0.16711251184564738
catboost,p8,False,11,-0.14841312539643062
catboost,p8,False,12,-0.10300462388961214
catboost,p8,False,13,-0.10560069882726814
catboost,p8,False,14,-0.12035597690475086
catboost,p8,True,0,-0.11345787436763478
catboost,p8,True,1,-0.11480637013579442
catboost,p8,True,2,-0.14766237959500073
catboost,p8,True,3,-0.11246097965562984
catboost,p8,True,4,-0.1483162316508944
catboost,p8,True,5,-0.12790620329561897
catboost,p8,True,6,-0.1606218612336739
catboost,p8,True,7,-0.0963812521103276
catboost,p8,True,8,-0.10727035407879808
catboost,p8,True,9,-0.1566441357204117
catboost,p8,True,10,-0.11367144477127258
catboost,p8,True,11,-0.11838764779230032
catboost,p8,True,12,-0.12108976576734509
catboost,p8,True,13,-0.19684176946603832
catboost,p8,True,14,-0.10732053272504581
catboost,p9,False,0,-0.10290524785069764
catboost,p9,False,1,-0.11117724030450328
catboost,p9,False,2,-0.1623576123614034
catboost,p9,False,3,-0.13766253774445755
catboost,p9,False,4,-0.1657516176100772
catboost,p9,False,5,-0.11797005230494251
catboost,p9,False,6,-0.10324833244637226
catboost,p9,False,7,-0.12564063307016277
catboost,p9,False,8,-0.11128811027648715
catboost,p9,False,9,-0.18249106408514174
catboost,p9,False,10,-0.15654996270394322
catboost,p9,False,11,-0.1167126536142973
catboost,p9,False,12,-0.10982262264018654
catboost,p9,False,13,-0.10851103661605742
catboost,p9,False,14,-0.15017687682205466
catboost,p9,True,0,-0.18831456829032264
catboost,p9,True,1,-0.11573491752679267
catboost,p9,True,2,-0.10748274788089261
catboost,p9,True,3,-0.11228316304274483
catboost,p9,True,4,-0.10598510391998045
catboost,p9,True,5,-0.17901900786406502
catboost,p9,True,6,-0.1243221906527083
catboost,p9,True,7,-0.11712170241224942
catboost,p9,True,8,-0.11344475265668456
catboost,p9,True,9,-0.1178286561819159
catboost,p9,True,10,-0.16256265283578716
catboost,p9,True,11,-0.10939387273092552
catboost,p9,True,12,-0.1231144292074702
catboost,p9,True,13,-0.12983896197347342
catboost,p9,True,14,-0.14522397468023043
xgboost,p1,False,0,-0.08108789224931277
xgboost,p1,False,1,-0.11023215422565168
xgboost,p1,False,2,-0.11044454979352825
xgboost,p1,False,3,-0.16993578144477464
xgboost,p1,False,4,-0.16303056776066274
xgboost,p1,False,5,-0.1575645998759251
xgboost,p1,False,6,-0.13651451446563798
xgboost,p1,False,7,-0.10493440135361774
xgboost,p1,False,8,-0.10268567673423667
xgboost,p1,False,9,-0.15252964401633104
xgboost,p1,False,10,-0.09784721168585454
xgboost,p1,False,11,-0.1953971670078367
xgboost,p1,False,12,-0.08879938442482184
xgboost,p1,False,13,-0.12132241399084724
xgboost,p1,False,14,-0.10129187854422242
xgboost,p1,True,0,-0.18361969439699583
xgboost,p1,True,1,-0.10807163076677206
xgboost,p1,True,2,-0.11897885345808111
xgboost,p1,True,3,-0.12198542629913778
xgboost,p1,True,4,-0.10840698285116995
xgboost,p1,True,5,-0.171776199995795
xgboost,p1,True,6,-0.1016097587651418
xgboost,p1,True,7,-0.14695458290420207
xgboost,p1,True,8,-0.1179907690813651
xgboost,p1,True,9,-0.10799963609991182
xgboost,p1,True,10,-0.12674139151735017
xgboost,p1,True,11,-0.16058314369596582
xgboost,p1,True,12,-0.15581736345659744
xgboost,p1,True,13,-0.10334275824989443
xgboost,p1,True,14,-0.10427351409997897
xgboost,p2,False,0,-0.11153592833165973
xgboost,p2,False,1,-0.0967970547201259
xgboost,p2,False,2,-0.1665283644030565
xgboost,p2,False,3,-0.10898215534942825
xgboost,p2,False,4,-0.160403222117739
xgboost,p2,False,5,-0.12227871867176766
xgboost,p2,False,6,-0.1662859591106927
xgboost,p2,False,7,-0.10934260230533062
xgboost,p2,False,8,-0.11585546118249851
xgboost,p2,False,9,-0.14917085158851712
xgboost,p2,False,10,-0.18764323785568632
xgboost,p2,False,11,-0.11822223344959115
xgboost,p2,False,12,-0.10005842061832068
xgboost,p2,False,13,-0.11575387563971845
xgboost,p2,False,14,-0.10891629985874521
xgboost,p2,True,0,-0.09624621017341446
xgboost,p2,True,1,-0.13536154473653336
xgboost,p2,True,2,-0.1628546791004772
xgboost,p2,True,3,-0.1201614720411078
xgboost,p2,True,4,-0.13030381391950235
xgboost,p2,True,5,-0.14653380692661278
xgboost,p2,True,6,-0.10976235094824445
xgboost,p2,True,7,-0.16795237701591487
xgboost,p2,True,8,-0.09835928797686849
xgboost,p2,True,9,-0.11707123698617554
xgboost,p2,True,10,-0.10397065674770523
xgboost,p2,True,11,-0.12625641274650773
xgboost,p2,True,12,-0.13726605903387556
xgboost,p2,True,13,-0.12282870383144155
xgboost,p2,True,14,-0.15200999817172958
xgboost,p3,False,0,-0.14016150810994749
xgboost,p3,False,1,-0.1182503361593991
xgboost,p3,False,2,-0.15168057210482372
xgboost,p3,False,3,-0.10666364841809334
xgboost,p3,False,4,-0.12453277460135401
xgboost,p3,False,5,-0.128321988381603
xgboost,p3,False,6,-0.11801293720875472
xgboost,p3,False,7,-0.11042084262033579
xgboost,p3,False,8,-0.1367670631897195
xgboost,p3,False,9,-0.15831638860789446
xgboost,p3,False,10,-0.10978320405655666
xgboost,p3,False,11,-0.14633782257095101
xgboost,p3,False,12,-0.12871121572102628
xgboost,p3,False,13,-0.11547465105553399
xgboost,p3,False,14,-0.16141836141750726
xgboost,p3,True,0,-0.15485581240058793
xgboost,p3,True,1,-0.10793765296099013
xgboost,p3,True,2,-0.16469229687464806
xgboost,p3,True,3,-0.10978308318756427
xgboost,p3,True,4,-0.11983408901936632
xgboost,p3,True,5,-0.10880792069317802
xgboost,p3,True,6,-0.10391133301571151
xgboost,p3,True,7,-0.11384604170140704
xgboost,p3,True,8,-0.14634858835630987
xgboost,p3,True,9,-0.16763305316051352
xgboost,p3,True,10,-0.1610510676206278
xgboost,p3,True,11,-0.0964832180755671
xgboost,p3,True,12,-0.12461060585497448
xgboost,p3,True,13,-0.12080145959553044
xgboost,p3,True,14,-0.15227918564562562
xgboost,p4,False,0,-0.11891564717904943
xgboost,p4,False,1,-0.15356018652351547
xgboost,p4,False,2,-0.11202416349343164
xgboost,p4,False,3,-0.1620347829024113
xgboost,p4,False,4,-0.10513612106140184
xgboost,p4,False,5,-0.15033030967796768
xgboost,p4,False,6,-0.10752693114641833
xgboost,p4,False,7,-0.15089049795533932
xgboost,p4,False,8,-0.11000144942533346
xgboost,p4,False,9,-0.12163924557991104
xgboost,p4,False,10,-0.10822823802287579
xgboost,p4,False,11,-0.17103159273986743
xgboost,p4,False,12,-0.12170450058193882
xgboost,p4,False,13,-0.1448605738932947
xgboost,p4,False,14,-0.10437987340586102
xgboost,p4,True,0,-0.1163654849443388
xgboost,p4,True,1,-0.12483108019253678
xgboost,p4,True,2,-0.17786273053667345
xgboost,p4,True,3,-0.10554598892415053
xgboost,p4,True,4,-0.12316598759903935
xgboost,p4,True,5,-0.14720188210951488
xgboost,p4,True,6,-0.10425740509343782
xgboost,p4,True,7,-0.11932272655825749
xgboost,p4,True,8,-0.17289683184578314
xgboost,p4,True,9,-0.11841218268770143
xgboost,p4,True,10,-0.11668935374192466
xgboost,p4,True,11,-0.12180310544444378
xgboost,p4,True,12,-0.16293769791097146
xgboost,p4,True,13,-0.14481959388102433
xgboost,p4,True,14,-0.12689811587796712
xgboost,p5,False,0,-0.13016793823566958
xgboost,p5,False,1,-0.13365943454595705
xgboost,p5,False,2,-0.11149963150870187
xgboost,p5,False,3,-0.1369736583676047
xgboost,p5,False,4,-0.14777641941457606
xgboost,p5,False,5,-0.14923988048132555
xgboost,p5,False,6,-0.0895274066995639
xgboost,p5,False,7,-0.1666499322684583
xgboost,p5,False,8,-0.1163704809346195
xgboost,p5,False,9,-0.1113184394656855
xgboost,p5,False,10,-0.12190036382537416
xgboost,p5,False,11,-0.16105765980199796
xgboost,p5,False,12,-0.10085265083164843
xgboost,p5,False,13,-0.15099585947303304
xgboost,p5,False,14,-0.11224645735557635
xgboost,p5,True,0,-0.15970662219000956
xgboost,p5,True,1,-0.10471315750147002
xgboost,p5,True,2,-0.11811647957613798
xgboost,p5,True,3,-0.11921268160395926
xgboost,p5,True,4,-0.15226046578396904
xgboost,p5,True,5,-0.10614020979622227
xgboost,p5,True,6,-0.1367511839849265
xgboost,p5,True,7,-0.144339306341733
xgboost,p5,True,8,-0.12715609958195373
xgboost,p5,True,9,-0.1618674903056648
xgboost,p5,True,10,-0.1640912382794097
xgboost,p5,True,11,-0.15611884874918247
xgboost,p5,True,12,-0.10370609697542532
xgboost,p5,True,13,-0.1281898299787213
xgboost,p5,True,14,-0.11597627542848915
xgboost,p6,False,0,-0.18108200553827028
xgboost,p6,False,1,-0.10579268479382185
xgboost,p6,False,2,-0.13582471784652356
xgboost,p6,False,3,-0.12577694964233885
xgboost,p6,False,4,-0.10637911572613444
xgboost,p6,False,5,-0.14920092126341208
xgboost,p6,False,6,-0.10799177328909579
xgboost,p6,False,7,-0.11167407192555284
xgboost,p6,False,8,-0.1413353758680912
xgboost,p6,False,9,-0.15394828288415902
xgboost,p6,False,10,-0.16214920213440373
xgboost,p6,False,11,-0.11519625696439842
xgboost,p6,False,12,-0.12501510671028598
xgboost,p6,False,13,-0.1490208958628274
xgboost,p6,False,14,-0.09828155611886413
xgboost,p6,True,0,-0.1096900805295227
xgboost,p6,True,1,-0.11559358589837798
xgboost,p6,True,2,-0.13391677308760952
xgboost,p6,True,3,-0.1472771874084982
xgboost,p6,True,4,-0.15728843401916281
xgboost,p6,True,5,-0.13336536588296474
xgboost,p6,True,6,-0.10555102186218276
xgboost,p6,True,7,-0.17263810539523422
xgboost,p6,True,8,-0.11286537427365546
xgboost,p6,True,9,-0.12558858804038248
xgboost,p6,True,10,-0.11209714695538886
xgboost,p6,True,11,-0.14373011680120598
xgboost,p6,True,12,-0.15909012409481008
xgboost,p6,True,13,-0.10411920068771506
xgboost,p6,True,14,-0.12597558870991926
xgboost,p7,False,0,-0.15897231077227983
xgboost,p7,False,1,-0.1233343974396023
xgboost,p7,False,2,-0.108331860883744
xgboost,p7,False,3,-0.16005153258351038
xgboost,p7,False,4,-0.10017845373251655
xgboost,p7,False,5,-0.12586661260751164
xgboost,p7,False,6,-0.16310765028140528
xgboost,p7,False,7,-0.11075496079703269
xgboost,p7,False,8,-0.14793362428993315
xgboost,p7,False,9,-0.11067946317842793
xgboost,p7,False,10,-0.11121955334717477
xgboost,p7,False,11,-0.11658224364963318
xgboost,p7,False,12,-0.11802345663582728
xgboost,p7,False,13,-0.16100961555467502
xgboost,p7,False,14,-0.15031611501328332
xgboost,p7,True,0,-0.15507147641424504
xgboost,p7,True,1,-0.16617676441377344
xgboost,p7,True,2,-0.1035823216816439
xgboost,p7,True,3,-0.10777731979304125
xgboost,p7,True,4,-0.11325632565137608
xgboost,p7,True,5,-0.11479555538870721
xgboost,p7,True,6,-0.17688563967797344
xgboost,p7,True,7,-0.1671678024788654
xgboost,p7,True,8,-0.09419649285355415
xgboost,p7,True,9,-0.09869431341097
xgboost,p7,True,10,-0.14517450463018813
xgboost,p7,True,11,-0.12358263045285797
xgboost,p7,True,12,-0.12278964537906834
xgboost,p7,True,13,-0.14619136805173155
xgboost,p7,True,14,-0.12251866383644078
xgboost,p8,False,0,-0.1548309437893091
xgboost,p8,False,1,-0.12992579623635028
xgboost,p8,False,2,-0.14362345360050296
xgboost,p8,False,3,-0.12730705068101184
xgboost,p8,False,4,-0.0992485299924924
xgboost,p8,False,5,-0.11581508003933298
xgboost,p8,False,6,-0.12228513698137396
xgboost,p8,False,7,-0.11043315094786874
xgboost,p8,False,8,-0.15906475430326997
xgboost,p8,False,9,-0.14470760712951528
xgboost,p8,False,10,-0.11097960930871902
xgboost,p8,False,11,-0.15209093213195476
xgboost,p8,False,12,-0.12048743567429737
xgboost,p8,False,13,-0.15445327681088808
xgboost,p8,False,14,-0.10968323620696385
xgboost,p8,True,0,-0.15043562147745132
xgboost,p8,True,1,-0.09884775766444419
xgboost,p8,True,2,-0.13234533620718744
xgboost,p8,True,3,-0.11943120648547569
xgboost,p8,True,4,-0.15114222193800336
xgboost,p8,True,5,-0.15597644444396477
xgboost,p8,True,6,-0.12125125915897006
xgboost,p8,True,7,-0.14741680966559625
xgboost,p8,True,8,-0.16608509817248462
xgboost,p8,True,9,-0.11269245060039608
xgboost,p8,True,10,-0.12642567677001015
xgboost,p8,True,11,-0.12639210459817543
xgboost,p8,True,12,-0.1441135777982841
xgboost,p8,True,13,-0.15045925335700552
xgboost,p8,True,14,-0.1004213999428964
xgboost,p9,False,0,-0.18536177779011836
xgboost,p9,False,1,-0.12368882127233961
xgboost,p9,False,2,-0.10719730155989754
xgboost,p9,False,3,-0.11423274347547531
xgboost,p9,False,4,-0.11822844588726177
xgboost,p9,False,5,-0.13410243394138754
xgboost,p9,False,6,-0.10905919053186967
xgboost,p9,False,7,-0.158819521763677
xgboost,p9,False,8,-0.14623315765585376
xgboost,p9,False,9,-0.10483148353623077
xgboost,p9,False,10,-0.11532329597461947
xgboost,p9,False,11,-0.11825172465641971
xgboost,p9,False,12,-0.10897035587654227
xgboost,p9,False,13,-0.16265315460842306
xgboost,p9,False,14,-0.15611259212716772
xgboost,p9,True,0,-0.10895166789899371
xgboost,p9,True,1,-0.15792889294027906
xgboost,p9,True,2,-0.1151290853978881
xgboost,p9,True,3,-0.10912022219423109
xgboost,p9,True,4,-0.17252100097673415
xgboost,p9,True,5,-0.11862678269393802
xgboost,p9,True,6,-0.09337170258788784
xgboost,p9,True,7,-0.1022734372210902
xgboost,p9,True,8,-0.1625443528248739
xgboost,p9,True,9,-0.16468661425425005
xgboost,p9,True,10,-0.12561507488949686
xgboost,p9,True,11,-0.11237951383856916
xgboost,p9,True,12,-0.15193083788538614
xgboost,p9,True,13,-0.10682131168844466
xgboost,p9,True,14,-0.1511249281109749
lightgbm,p1,False,0,-0.10119810516235007
lightgbm,p1,False,1,-0.10441901777876002
lightgbm,p1,False,2,-0.12006433140626957
lightgbm,p1,False,3,-0.14716818601678647
lightgbm,p1,False,4,-0.16077881835761548
lightgbm,p1,False,5,-0.1543828984222865
lightgbm,p1,False,6,-0.09283328481355138
lightgbm,p1,False,7,-0.10433472421110221
lightgbm,p1,False,8,-0.12795926420204076
lightgbm,p1,False,9,-0.15447537726324934
lightgbm,p1,False,10,-0.1095713032767909
lightgbm,p1,False,11,-0.1941876921995777
lightgbm,p1,False,12,-0.08634843966649172
lightgbm,p1,False,13,-0.11875231419549069
lightgbm,p1,False,14,-0.11740484473698808
lightgbm,p1,True,0,-0.11746016160404682
lightgbm,p1,True,1,-0.17165452690093763
lightgbm,p1,True,2,-0.09877598503029547
lightgbm,p1,True,3,-0.1498160713082863
lightgbm,p1,True,4,-0.08413850490941541
lightgbm,p1,True,5,-0.15780156604428075
lightgbm,p1,True,6,-0.10492689843678395
lightgbm,p1,True,7,-0.17058939081764665
lightgbm,p1,True,8,-0.09236679332990619
lightgbm,p1,True,9,-0.10102605638710772
lightgbm,p1,True,10,-0.10472523535642365
lightgbm,p1,True,11,-0.16174086341578092
lightgbm,p1,True,12,-0.10772442659692764
lightgbm,p1,True,13,-0.14241908759570587
lightgbm,p1,True,14,-0.13183206636658643
lightgbm,p2,False,0,-0.16207297636306287
lightgbm,p2,False,1,-0.11646369050509699
lightgbm,p2,False,2,-0.14106404814211004
lightgbm,p2,False,3,-0.11776593399562726
lightgbm,p2,False,4,-0.0969230628490281
lightgbm,p2,False,5,-0.11730028395338556
lightgbm,p2,False,6,-0.13002773126095882
lightgbm,p2,False,7,-0.1084068637372185
lightgbm,p2,False,8,-0.12362577869920634
lightgbm,p2,False,9,-0.15696199651575665
lightgbm,p2,False,10,-0.1361792337156381
lightgbm,p2,False,11,-0.1447723231749519
lightgbm,p2,False,12,-0.149233499792782
lightgbm,p2,False,13,-0.10145839547811672
lightgbm,p2,False,14,-0.10273552319883221
lightgbm,p2,True,0,-0.10940379648427619
lightgbm,p2,True,1,-0.1486008929463954
lightgbm,p2,True,2,-0.10857350115675667
lightgbm,p2,True,3,-0.14970652497238596
lightgbm,p2,True,4,-0.138121096318016
lightgbm,p2,True,5,-0.12581100984386814
lightgbm,p2,True,6,-0.10386052746343864
lightgbm,p2,True,7,-0.10186930628839624
lightgbm,p2,True,8,-0.15680846338966337
lightgbm,p2,True,9,-0.15278719058839058
lightgbm,p2,True,10,-0.10729191461729053
lightgbm,p2,True,11,-0.17743085446296095
lightgbm,p2,True,12,-0.1184134886147359
lightgbm,p2,True,13,-0.12229613088248334
lightgbm,p2,True,14,-0.11208640997672557
lightgbm,p3,False,0,-0.15379922651018044
lightgbm,p3,False,1,-0.14250956209420457
lightgbm,p3,False,2,-0.12899225270716005
lightgbm,p3,False,3,-0.11652177376208928
lightgbm,p3,False,4,-0.08653729170123949
lightgbm,p3,False,5,-0.10049964074871186
lightgbm,p3,False,6,-0.18474646164351766
lightgbm,p3,False,7,-0.0992353986251466
lightgbm,p3,False,8,-0.13332471743218197
lightgbm,p3,False,9,-0.1072316526756653
lightgbm,p3,False,10,-0.1296227087938234
lightgbm,p3,False,11,-0.16572853367367593
lightgbm,p3,False,12,-0.10606561037962126
lightgbm,p3,False,13,-0.08834267259460786
lightgbm,p3,False,14,-0.1558031314791991
lightgbm,p3,True,0,-0.09812460179885445
lightgbm,p3,True,1,-0.12522784851393565
lightgbm,p3,True,2,-0.14505083575211009
lightgbm,p3,True,3,-0.14962494391483028
lightgbm,p3,True,4,-0.12206258808633748
lightgbm,p3,True,5,-0.15866079001193223
lightgbm,p3,True,6,-0.11589300940250148
lightgbm,p3,True,7,-0.09988398301504628
lightgbm,p3,True,8,-0.11368759027818427
lightgbm,p3,True,9,-0.15395653567207312
lightgbm,p3,True,10,-0.09482263959577522
lightgbm,p3,True,11,-0.11300951248443097
lightgbm,p3,True,12,-0.10342949799171232
lightgbm,p3,True,13,-0.1756728072044451
lightgbm,p3,True,14,-0.15441225366842404
lightgbm,p4,False,0,-0.11311766559889476
lightgbm,p4,False,1,-0.15473752983574418
lightgbm,p4,False,2,-0.11380405138890784
lightgbm,p4,False,3,-0.15614957734144033
lightgbm,p4,False,4,-0.11616849653175154
lightgbm,p4,False,5,-0.12069046926391311
lightgbm,p4,False,6,-0.10272482491231857
lightgbm,p4,False,7,-0.10078240763785373
lightgbm,p4,False,8,-0.16032397713790153
lightgbm,p4,False,9,-0.14775151849972312
lightgbm,p4,False,10,-0.12335011016762851
lightgbm,p4,False,11,-0.09461128768007578
lightgbm,p4,False,12,-0.16611662726411572
lightgbm,p4,False,13,-0.15852570374410058
lightgbm,p4,False,14,-0.0886729692731379
lightgbm,p4,True,0,-0.13806804359372996
lightgbm,p4,True,1,-0.13995213640834978
lightgbm,p4,True,2,-0.12204811665957614
lightgbm,p4,True,3,-0.08907009495111658
lightgbm,p4,True,4,-0.15140161141853833
lightgbm,p4,True,5,-0.12991941495933132
lightgbm,p4,True,6,-0.14735097001765748
lightgbm,p4,True,7,-0.11680527633161847
lightgbm,p4,True,8,-0.09770184353866763
lightgbm,p4,True,9,-0.15209949406704582
lightgbm,p4,True,10,-0.13921488678591065
lightgbm,p4,True,11,-0.1258791204621293
lightgbm,p4,True,12,-0.15210767212896187
lightgbm,p4,True,13,-0.11014820190848296
lightgbm,p4,True,14,-0.11188574666207106
lightgbm,p5,False,0,-0.10952255456556394
lightgbm,p5,False,1,-0.1252786704745372
lightgbm,p5,False,2,-0.1102079033598034
lightgbm,p5,False,3,-0.13754767931633896
lightgbm,p5,False,4,-0.15536597213875217
lightgbm,p5,False,5,-0.10062584111376767
lightgbm,p5,False,6,-0.11791258349523072
lightgbm,p5,False,7,-0.1521360612205173
lightgbm,p5,False,8,-0.10586160440246535
lightgbm,p5,False,9,-0.15716215018441265
lightgbm,p5,False,10,-0.09887091371113482
lightgbm,p5,False,11,-0.11702399377437388
lightgbm,p5,False,12,-0.12958099899040115
lightgbm,p5,False,13,-0.1107519672617256
lightgbm,p5,False,14,-0.17671851159256224
lightgbm,p5,True,0,-0.16995338028326898
lightgbm,p5,True,1,-0.09393667684862377
lightgbm,p5,True,2,-0.11822307117121027
lightgbm,p5,True,3,-0.13526098571935838
lightgbm,p5,True,4,-0.11921755746044618
lightgbm,p5,True,5,-0.14472590885676104
lightgbm,p5,True,6,-0.11558392330488779
lightgbm,p5,True,7,-0.1056707563648601
lightgbm,p5,True,8,-0.10256628336655807
lightgbm,p5,True,9,-0.1701049205939621
lightgbm,p5,True,10,-0.11188722721863757
lightgbm,p5,True,11,-0.1477233321002054
lightgbm,p5,True,12,-0.11835203849153525
lightgbm,p5,True,13,-0.1602924889614176
lightgbm,p5,True,14,-0.11027254330078341
lightgbm,p6,False,0,-0.156052760429396
lightgbm,p6,False,1,-0.12000821601646926
lightgbm,p6,False,2,-0.11074387045350878
lightgbm,p6,False,3,-0.10443275861254028
lightgbm,p6,False,4,-0.14474640975396366
lightgbm,p6,False,5,-0.16825607154333358
lightgbm,p6,False,6,-0.09844923561310906
lightgbm,p6,False,7,-0.10762959681508068
lightgbm,p6,False,8,-0.12163672751737799
lightgbm,p6,False,9,-0.1567188387605359
lightgbm,p6,False,10,-0.15459663138163074
lightgbm,p6,False,11,-0.13740589187825866
lightgbm,p6,False,12,-0.11280333638986947
lightgbm,p6,False,13,-0.11496218778694423
lightgbm,p6,False,14,-0.1164625407935102
lightgbm,p6,True,0,-0.11397596464303918
lightgbm,p6,True,1,-0.11828833123087897
lightgbm,p6,True,2,-0.1447506794112177
lightgbm,p6,True,3,-0.10359878896656294
lightgbm,p6,True,4,-0.16548225818108886
lightgbm,p6,True,5,-0.12504814940437656
lightgbm,p6,True,6,-0.138645713891952
lightgbm,p6,True,7,-0.10817809856926462
lightgbm,p6,True,8,-0.16883244570105374
lightgbm,p6,True,9,-0.10432492833472386
lightgbm,p6,True,10,-0.1470655758102405
lightgbm,p6,True,11,-0.11073376710452837
lightgbm,p6,True,12,-0.11929980512242024
lightgbm,p6,True,13,-0.15087950714934242
lightgbm,p6,True,14,-0.11675611778925243
lightgbm,p7,False,0,-0.11551033651170849
lightgbm,p7,False,1,-0.15011948628147306
lightgbm,p7,False,2,-0.15953047870033293
lightgbm,p7,False,3,-0.10278594964790586
lightgbm,p7,False,4,-0.11060850351279784
lightgbm,p7,False,5,-0.1800452326247369
lightgbm,p7,False,6,-0.11022666848867489
lightgbm,p7,False,7,-0.1351597331300944
lightgbm,p7,False,8,-0.10107583745069558
lightgbm,p7,False,9,-0.09651326972717936
lightgbm,p7,False,10,-0.155994459847918
lightgbm,p7,False,11,-0.09795359225406455
lightgbm,p7,False,12,-0.09883427855394851
lightgbm,p7,False,13,-0.14760363606569665
lightgbm,p7,False,14,-0.1335934618188586
lightgbm,p7,True,0,-0.11401499869272712
lightgbm,p7,True,1,-0.14491018324257815
lightgbm,p7,True,2,-0.10788535013694105
lightgbm,p7,True,3,-0.1488171966696087
lightgbm,p7,True,4,-0.11984203614987336
lightgbm,p7,True,5,-0.11313149061233423
lightgbm,p7,True,6,-0.12992584391255818
lightgbm,p7,True,7,-0.1295709313877252
lightgbm,p7,True,8,-0.1342599183194055
lightgbm,p7,True,9,-0.14319921822718956
lightgbm,p7,True,10,-0.09965181076630224
lightgbm,p7,True,11,-0.11486956894950702
lightgbm,p7,True,12,-0.1591410021753939
lightgbm,p7,True,13,-0.09950156208750584
lightgbm,p7,True,14,-0.16634365478048857
lightgbm,p8,False,0,-0.11498002212541093
lightgbm,p8,False,1,-0.11708910619535043
lightgbm,p8,False,2,-0.12393378527882438
lightgbm,p8,False,3,-0.14888304103072114
lightgbm,p8,False,4,-0.13064625228086835
lightgbm,p8,False,5,-0.09411086339118185
lightgbm,p8,False,6,-0.10731326309686035
lightgbm,p8,False,7,-0.1425496087589301
lightgbm,p8,False,8,-0.1603190445940596
lightgbm,p8,False,9,-0.1320386711882149
lightgbm,p8,False,10,-0.10464474999440795
lightgbm,p8,False,11,-0.090457527561901
lightgbm,p8,False,12,-0.13858035176756311
lightgbm,p8,False,13,-0.12960564691419957
lightgbm,p8,False,14,-0.17489140677610612
lightgbm,p8,True,0,-0.11909584263456331
lightgbm,p8,True,1,-0.11657575896154537
lightgbm,p8,True,2,-0.1510941941906926
lightgbm,p8,True,3,-0.15818664887816367
lightgbm,p8,True,4,-0.09518011995360093
lightgbm,p8,True,5,-0.11898139695069983
lightgbm,p8,True,6,-0.14590035648409017
lightgbm,p8,True,7,-0.10164057532741838
lightgbm,p8,True,8,-0.15357512110612262
lightgbm,p8,True,9,-0.11996507467009536
lightgbm,p8,True,10,-0.12313882550093615
lightgbm,p8,True,11,-0.11178432424751931
lightgbm,p8,True,12,-0.10798535048726919
lightgbm,p8,True,13,-0.10404224767581412
lightgbm,p8,True,14,-0.19435558593700583
lightgbm,p9,False,0,-0.1458607549242326
lightgbm,p9,False,1,-0.15409109723815181
lightgbm,p9,False,2,-0.1096569730232569
lightgbm,p9,False,3,-0.1157902920635408
lightgbm,p9,False,4,-0.10708964257109971
lightgbm,p9,False,5,-0.17754220623227684
lightgbm,p9,False,6,-0.1143663230964144
lightgbm,p9,False,7,-0.10689414256027366
lightgbm,p9,False,8,-0.10769070114940844
lightgbm,p9,False,9,-0.12045707900657508
lightgbm,p9,False,10,-0.0978202437121464
lightgbm,p9,False,11,-0.11161640253391751
lightgbm,p9,False,12,-0.10633626919070409
lightgbm,p9,False,13,-0.13549258206285614
lightgbm,p9,False,14,-0.1770590355704407
lightgbm,p9,True,0,-0.09273884780934723
lightgbm,p9,True,1,-0.09934578377095606
lightgbm,p9,True,2,-0.12554045863044203
lightgbm,p9,True,3,-0.12639076792541276
lightgbm,p9,True,4,-0.18448548765548292
lightgbm,p9,True,5,-0.11278171014197902
lightgbm,p9,True,6,-0.10829354138187523
lightgbm,p9,True,7,-0.1123666028697074
lightgbm,p9,True,8,-0.19855203809451408
lightgbm,p9,True,9,-0.11521610453754005
lightgbm,p9,True,10,-0.12941399400528497
lightgbm,p9,True,11,-0.1571715663006432
lightgbm,p9,True,12,-0.09772740553052968
lightgbm,p9,True,13,-0.15133272068126072
lightgbm,p9,True,14,-0.11592560891048354
linear_regression,p1,False,0,-0.19323770060026435
linear_regression,p1,False,1,-0.15309820167991675
linear_regression,p1,False,2,-0.6399930373368172
linear_regression,p1,False,3,-0.10039033890785258
linear_regression,p1,False,4,-0.09237697745205685
linear_regression,p1,False,5,-0.11300294698780786
linear_regression,p1,False,6,-0.150790898438166
linear_regression,p1,False,7,-0.15763624688561031
linear_regression,p1,False,8,-0.21617430439091795
linear_regression,p1,False,9,-0.10862425278315592
linear_regression,p1,False,10,-0.1454879499239369
linear_regression,p1,False,11,-0.5848273426147099
linear_regression,p1,False,12,-0.14085036480498528
linear_regression,p1,False,13,-0.12174313763017597
linear_regression,p1,False,14,-0.15685883366413703
linear_regression,p1,True,0,-0.09321919265348032
linear_regression,p1,True,1,-0.15766461709372762
linear_regression,p1,True,2,-0.1315135380510659
linear_regression,p1,True,3,-0.1198697205149955
linear_regression,p1,True,4,-0.13386832246928854
linear_regression,p1,True,5,-0.11411200830753974
linear_regression,p1,True,6,-0.12802258989475454
linear_regression,p1,True,7,-0.08068480943354489
linear_regression,p1,True,8,-0.11639285572021416
linear_regression,p1,True,9,-0.18321849402236612
linear_regression,p1,True,10,-0.11204023058323363
linear_regression,p1,True,11,-0.1809706954189841
linear_regression,p1,True,12,-0.0875403928918905
linear_regression,p1,True,13,-0.1058491520548271
linear_regression,p1,True,14,-0.13265346183509466
linear_regression,p2,False,0,-0.15956512479196583
linear_regression,p2,False,1,-0.16283834241084827
linear_regression,p2,False,2,-0.11623064672049634
linear_regression,p2,False,3,-0.10699736980921364
linear_regression,p2,False,4,-0.09298121976216743
linear_regression,p2,False,5,-0.09110914803700297
linear_regression,p2,False,6,-0.1462348629277775
linear_regression,p2,False,7,-0.11545218137209104
linear_regression,p2,False,8,-0.20250891255103898
linear_regression,p2,False,9,-0.18658788205504073
linear_regression,p2,False,10,-0.16430459220169266
linear_regression,p2,False,11,-0.1798067043147174
linear_regression,p2,False,12,-0.08581991820917895
linear_regression,p2,False,13,-0.09501176383660626
linear_regression,p2,False,14,-0.12624920202979104
linear_regression,p2,True,0,-0.12943864328428556
linear_regression,p2,True,1,-0.13209309906347538
linear_regression,p2,True,2,-0.15117390714078993
linear_regression,p2,True,3,-0.10424771514989635
linear_regression,p2,True,4,-0.13628394752781145
linear_regression,p2,True,5,-0.11471919554403606
linear_regression,p2,True,6,-0.14035053853962853
linear_regression,p2,True,7,-0.08216207346351521
linear_regression,p2,True,8,-0.12140197290227984
linear_regression,p2,True,9,-0.1727227655715924
linear_regression,p2,True,10,-0.16053918924700564
linear_regression,p2,True,11,-0.14857231860388667
linear_regression,p2,True,12,-0.11604236696416953
linear_regression,p2,True,13,-0.1145901669118979
linear_regression,p2,True,14,-0.103165337537707
linear_regression,p3,False,0,-0.11843369612391824
linear_regression,p3,False,1,-0.16424762195966927
linear_regression,p3,False,2,-0.11509248919984494
linear_regression,p3,False,3,-0.09809032157762305
linear_regression,p3,False,4,-0.16408473656491251
linear_regression,p3,False,5,-0.14870286329496452
linear_regression,p3,False,6,-0.16558686654829435
linear_regression,p3,False,7,-0.16475151534005816
linear_regression,p3,False,8,-0.11748159673749643
linear_regression,p3,False,9,-0.11494572162602772
linear_regression,p3,False,10,-0.15362402109057569
linear_regression,p3,False,11,-0.11745312095819899
linear_regression,p3,False,12,-0.13265130837915018
linear_regression,p3,False,13,-0.14887453288759836
linear_regression,p3,False,14,-0.10739978689499073
linear_regression,p3,True,0,-0.0977099319783397
linear_regression,p3,True,1,-0.2280497857426195
linear_regression,p3,True,2,-0.16018873824149313
linear_regression,p3,True,3,-0.15194610688418597
linear_regression,p3,True,4,-0.0925475086757677
linear_regression,p3,True,5,-0.10070153519503619
linear_regression,p3,True,6,-0.10088133799188251
linear_regression,p3,True,7,-0.24387003151262734
linear_regression,p3,True,8,-0.12294888480511228
linear_regression,p3,True,9,-0.1381903371470283
linear_regression,p3,True,10,-0.14277302561222285
linear_regression,p3,True,11,-0.14109245820352267
linear_regression,p3,True,12,-0.10775544840615368
linear_regression,p3,True,13,-0.12366813105643865
linear_regression,p3,True,14,-0.12688941506510668
linear_regression,p4,False,0,-0.10145259972707762
linear_regression,p4,False,1,-0.15221879620104242
linear_regression,p4,False,2,-0.22834228386274721
linear_regression,p4,False,3,-0.12003737570749416
linear_regression,p4,False,4,-0.14918678293971754
linear_regression,p4,False,5,-0.13933667950984208
linear_regression,p4,False,6,-0.0987768627936118
linear_regression,p4,False,7,-0.13339610295971827
linear_regression,p4,False,8,-0.11870780591457385
linear_regression,p4,False,9,-0.19972284729434453
linear_regression,p4,False,10,-0.1013612448253786
linear_regression,p4,False,11,-0.16828098305978098
linear_regression,p4,False,12,-0.0839291209629334
linear_regression,p4,False,13,-0.0941281219659791
linear_regression,p4,False,14,-0.24001098981238156
linear_regression,p4,True,0,-0.08950117683207758
linear_regression,p4,True,1,-0.10375268492245852
linear_regression,p4,True,2,-0.11535321189505139
linear_regression,p4,True,3,-0.16172478154187808
linear_regression,p4,True,4,-0.15628097813340125
linear_regression,p4,True,5,-0.08831062079607191
linear_regression,p4,True,6,-0.14265349719846124
linear_regression,p4,True,7,-0.15459078001947832
linear_regression,p4,True,8,-0.1516895131550976
linear_regression,p4,True,9,-0.0858800168802269
linear_regression,p4,True,10,-0.14860236580324918
linear_regression,p4,True,11,-0.10895579963972439
linear_regression,p4,True,12,-0.1190158641367151
linear_regression,p4,True,13,-0.15348618280928156
linear_regression,p4,True,14,-0.10227994232149352
linear_regression,p5,False,0,-0.09805976622075091
linear_regression,p5,False,1,-0.1620881554050292
linear_regression,p5,False,2,-0.10270781468443897
linear_regression,p5,False,3,-0.1243709235648408
linear_regression,p5,False,4,-0.16328472022383939
linear_regression,p5,False,5,-0.1061641462264469
linear_regression,p5,False,6,-0.11734970334361093
linear_regression,p5,False,7,-0.14514016191616685
linear_regression,p5,False,8,-0.17623069340624156
linear_regression,p5,False,9,-0.10391717598355749
linear_regression,p5,False,10,-0.15314293243684188
linear_regression,p5,False,11,-0.10563907407729142
linear_regression,p5,False,12,-0.11239900042455588
linear_regression,p5,False,13,-0.16101222019281183
linear_regression,p5,False,14,-0.21814655759153173
linear_regression,p5,True,0,-0.09026352431226205
linear_regression,p5,True,1,-0.11438272883357868
linear_regression,p5,True,2,-0.19561736908839547
linear_regression,p5,True,3,-0.11510129895873941
linear_regression,p5,True,4,-0.1048646467334057
linear_regression,p5,True,5,-0.11599114671851894
linear_regression,p5,True,6,-0.11910990876172592
linear_regression,p5,True,7,-0.15616288407136705
linear_regression,p5,True,8,-0.0959364930669553
linear_regression,p5,True,9,-0.14556317612790584
linear_regression,p5,True,10,-0.14825237816722361
linear_regression,p5,True,11,-0.1117850268005282
linear_regression,p5,True,12,-0.17602557917449435
linear_regression,p5,True,13,-0.08495114717638345
linear_regression,p5,True,14,-0.1092040315257785
linear_regression,p6,False,0,-0.15335179693117457
linear_regression,p6,False,1,-0.169583586939387
linear_regression,p6,False,2,-0.26743523697461286
linear_regression,p6,False,3,-0.15931725660358562
linear_regression,p6,False,4,-0.10352999141448793
linear_regression,p6,False,5,-0.11895760356210776
linear_regression,p6,False,6,-0.16277689075306218
linear_regression,p6,False,7,-0.135274089115936
linear_regression,p6,False,8,-0.12003840118231798
linear_regression,p6,False,9,-0.9742951904069012
linear_regression,p6,False,10,-0.1407300646150543
linear_regression,p6,False,11,-0.5428402300437072
linear_regression,p6,False,12,-0.17156352701514105
linear_regression,p6,False,13,-0.10978518021254782
linear_regression,p6,False,14,-0.12163561242047226
linear_regression,p6,True,0,-0.12062260656269051
linear_regression,p6,True,1,-0.09178545516712469
linear_regression,p6,True,2,-0.14468765543810497
linear_regression,p6,True,3,-0.1097515707752005
linear_regression,p6,True,4,-0.1689630661519924
linear_regression,p6,True,5,-0.11361501144304507
linear_regression,p6,True,6,-0.1473968564511154
linear_regression,p6,True,7,-0.09815133336208215
linear_regression,p6,True,8,-0.1245477135960497
linear_regression,p6,True,9,-0.16211890486316818
linear_regression,p6,True,10,-0.08384642260219333
linear_regression,p6,True,11,-0.17644007011855783
linear_regression,p6,True,12,-0.1072440820373443
linear_regression,p6,True,13,-0.15085268267931778
linear_regression,p6,True,14,-0.11230834067729102
linear_regression,p7,False,0,-0.1035559658354572
linear_regression,p7,False,1,-0.1596930170060137
linear_regression,p7,False,2,-0.10925306058954629
linear_regression,p7,False,3,-0.14926727355303468
linear_regression,p7,False,4,-0.10748995178321279
linear_regression,p7,False,5,-0.08964560732343906
linear_regression,p7,False,6,-0.15068550168798303
linear_regression,p7,False,7,-0.14484696725062837
linear_regression,p7,False,8,-0.12840220185162043
linear_regression,p7,False,9,-0.1599169834379295
linear_regression,p7,False,10,-0.14397583956370477
linear_regression,p7,False,11,-0.1331183913870696
linear_regression,p7,False,12,-0.1650001573466448
linear_regression,p7,False,13,-0.09686619502931743
linear_regression,p7,False,14,-0.17972807203155106
linear_regression,p7,True,0,-0.10547270229555676
linear_regression,p7,True,1,-0.16632145785732466
linear_regression,p7,True,2,-0.08998721364002397
linear_regression,p7,True,3,-0.15216613958016958
linear_regression,p7,True,4,-0.1005817121938537
linear_regression,p7,True,5,-0.16229730465889283
linear_regression,p7,True,6,-0.09979402933683978
linear_regression,p7,True,7,-0.10816185518977306
linear_regression,p7,True,8,-0.1423131737201913
linear_regression,p7,True,9,-0.11345978285345958
linear_regression,p7,True,10,-0.14053323392843742
linear_regression,p7,True,11,-0.10318686474937362
linear_regression,p7,True,12,-0.15672157520074181
linear_regression,p7,True,13,-0.11704349162169943
linear_regression,p7,True,14,-0.11350041421168808
linear_regression,p8,False,0,-0.10442135365556668
linear_regression,p8,False,1,-0.3029142819173279
linear_regression,p8,False,2,-0.15223955563463368
linear_regression,p8,False,3,-0.16388867284137548
linear_regression,p8,False,4,-0.11108682403811597
linear_regression,p8,False,5,-0.13871278739465856
linear_regression,p8,False,6,-0.19227711382943138
linear_regression,p8,False,7,-0.0921214609702449
linear_regression,p8,False,8,-0.11624914970974672
linear_regression,p8,False,9,-0.14955422923466039
linear_regression,p8,False,10,-0.09979771571474172
linear_regression,p8,False,11,-0.1439090140541578
linear_regression,p8,False,12,-0.10041164170757529
linear_regression,p8,False,13,-0.17102716950896324
linear_regression,p8,False,14,-0.14637378424838904
linear_regression,p8,True,0,-0.11727788017568085
linear_regression,p8,True,1,-0.09493447443621966
linear_regression,p8,True,2,-0.1468740431459815
linear_regression,p8,True,3,-0.1427039833761135
linear_regression,p8,True,4,-0.12964230994771475
linear_regression,p8,True,5,-0.10675332262585321
linear_regression,p8,True,6,-0.11691247177170785
linear_regression,p8,True,7,-0.08983717397242046
linear_regression,p8,True,8,-0.16138401076744033
linear_regression,p8,True,9,-0.15795825194887778
linear_regression,p8,True,10,-0.10599660036904918
linear_regression,p8,True,11,-0.16666950842490535
linear_regression,p8,True,12,-0.1526557857393076
linear_regression,p8,True,13,-0.09644281526845735
linear_regression,p8,True,14,-0.8374776537475158
linear_regression,p9,False,0,-0.109777804594862
linear_regression,p9,False,1,-0.16212103500534508
linear_regression,p9,False,2,-0.11329834674098711
linear_regression,p9,False,3,-0.13731591592755044
linear_regression,p9,False,4,-0.11310983081523274
linear_regression,p9,False,5,-0.10645996099247143
linear_regression,p9,False,6,-0.11991607524397675
linear_regression,p9,False,7,-0.2092501027745021
linear_regression,p9,False,8,-0.10589094376158652
linear_regression,p9,False,9,-0.14152049938763797
linear_regression,p9,False,10,-0.10751462101918312
linear_regression,p9,False,11,-0.16112576601032583
linear_regression,p9,False,12,-0.0990448368651048
linear_regression,p9,False,13,-0.12355411920634796
linear_regression,p9,False,14,-0.22515207021744285
linear_regression,p9,True,0,-0.14327929807440268
linear_regression,p9,True,1,-0.103514388159001
linear_regression,p9,True,2,-0.09670898452155562
linear_regression,p9,True,3,-0.1675755841046713
linear_regression,p9,True,4,-0.10415951941804552
linear_regression,p9,True,5,-0.11791029070677547
linear_regression,p9,True,6,-0.09836820356205617
linear_regression,p9,True,7,-0.14437051577947208
linear_regression,p9,True,8,-0.16281142070781607
linear_regression,p9,True,9,-0.1111563746210573
linear_regression,p9,True,10,-0.1092853582542524
linear_regression,p9,True,11,-0.09073429904928784
linear_regression,p9,True,12,-0.1018522502361101
linear_regression,p9,True,13,-0.1398733182346631
linear_regression,p9,True,14,-0.17676381969117133
lasso,p1,False,0,-0.1427222685848389
lasso,p1,False,1,-0.09122082025024417
lasso,p1,False,2,-0.15488011083789546
lasso,p1,False,3,-0.11677838548366992
lasso,p1,False,4,-0.15336731973936413
lasso,p1,False,5,-0.10230041281380939
lasso,p1,False,6,-0.15208913756944056
lasso,p1,False,7,-0.14619976231095802
lasso,p1,False,8,-0.17248855823404471
lasso,p1,False,9,-0.10673746327952079
lasso,p1,False,10,-0.1585945668528862
lasso,p1,False,11,-0.09668229874967825
lasso,p1,False,12,-0.0987766341649218
lasso,p1,False,13,-0.14905836958456434
lasso,p1,False,14,-0.12126610917166858
lasso,p1,True,0,-0.11715384342717403
lasso,p1,True,1,-0.16307268608269565
lasso,p1,True,2,-0.08437619849403628
lasso,p1,True,3,-0.10360011457733594
lasso,p1,True,4,-0.14943078491650122
lasso,p1,True,5,-0.13643220572981105
lasso,p1,True,6,-0.17653495876774158
lasso,p1,True,7,-0.10498290587869236
lasso,p1,True,8,-0.08396530454009592
lasso,p1,True,9,-0.11126519258677547
lasso,p1,True,10,-0.09973412685801009
lasso,p1,True,11,-0.11034683954383301
lasso,p1,True,12,-0.16765024792065036
lasso,p1,True,13,-0.08838113879246137
lasso,p1,True,14,-0.15361458786332688
lasso,p2,False,0,-0.0961812686645668
lasso,p2,False,1,-0.12245208462733888
lasso,p2,False,2,-0.1558769009526285
lasso,p2,False,3,-0.1601413412471398
lasso,p2,False,4,-0.3375236848103788
lasso,p2,False,5,-0.12090239477591108
lasso,p2,False,6,-0.10840219415910607
lasso,p2,False,7,-0.6695140854401295
lasso,p2,False,8,-0.13205545626192597
lasso,p2,False,9,-0.10363011307413389
lasso,p2,False,10,-0.0865292746625435
lasso,p2,False,11,-0.14135260036642655
lasso,p2,False,12,-0.14616373109355982
lasso,p2,False,13,-0.12973112967761602
lasso,p2,False,14,-0.13822902185537775
lasso,p2,True,0,-0.11901917415053843
lasso,p2,True,1,-0.14340838345384627
lasso,p2,True,2,-0.12305031391877613
lasso,p2,True,3,-0.09743134766214093
lasso,p2,True,4,-0.1577804138427148
lasso,p2,True,5,-0.14975484086678031
lasso,p2,True,6,-0.11565820311476555
lasso,p2,True,7,-0.18585493685883303
lasso,p2,True,8,-0.14930886286221345
lasso,p2,True,9,-0.10380099212069997
lasso,p2,True,10,-0.1547611055250037
lasso,p2,True,11,-0.11118623876208499
lasso,p2,True,12,-0.12491254367042383
lasso,p2,True,13,-0.1549460475915971
lasso,p2,True,14,-0.11335492639265086
lasso,p3,False,0,-0.11358367513462407
lasso,p3,False,1,-0.09900234572390473
lasso,p3,False,2,-0.11674023959232681
lasso,p3,False,3,-0.14367108429917747
lasso,p3,False,4,-0.16298481387364927
lasso,p3,False,5,-0.14754798637884456
lasso,p3,False,6,-0.15394613424048814
lasso,p3,False,7,-0.1430828069283873
lasso,p3,False,8,-0.09542149623599872
lasso,p3,False,9,-0.08835375216207642
lasso,p3,False,10,-0.15377774941979702
lasso,p3,False,11,-0.09027962397604865
lasso,p3,False,12,-0.11277779540292937
lasso,p3,False,13,-0.15604537094739301
lasso,p3,False,14,-0.11794887761862255
lasso,p3,True,0,-0.14123194078703835
lasso,p3,True,1,-0.11962280353659993
lasso,p3,True,2,-0.09493513849481613
lasso,p3,True,3,-0.12881996503723298
lasso,p3,True,4,-0.15302680271858177
lasso,p3,True,5,-0.14464273591656918
lasso,p3,True,6,-0.10705207685633553
lasso,p3,True,7,-0.1600254289561762
lasso,p3,True,8,-0.10392816708447077
lasso,p3,True,9,-0.1201102499269795
lasso,p3,True,10,-0.1351599449684812
lasso,p3,True,11,-0.10374879718960085
lasso,p3,True,12,-0.18569096458855522
lasso,p3,True,13,-0.08714313250937056
lasso,p3,True,14,-0.1084724170305919
lasso,p4,False,0,-0.1381434773534042
lasso,p4,False,1,-0.1096580980069253
lasso,p4,False,2,-0.16899640371409372
lasso,p4,False,3,-0.17010877528212537
lasso,p4,False,4,-0.1352313991296328
lasso,p4,False,5,-0.166796796871613
lasso,p4,False,6,-0.11692211653417496
lasso,p4,False,7,-0.1025640356507561
lasso,p4,False,8,-0.11564587527595603
lasso,p4,False,9,-0.1372037543914478
lasso,p4,False,10,-0.19581096491691874
lasso,p4,False,11,-0.10348976485333652
lasso,p4,False,12,-0.0948591080449746
lasso,p4,False,13,-0.10562667931461084
lasso,p4,False,14,-0.14217217973206242
lasso,p4,True,0,-0.1712342826643136
lasso,p4,True,1,-0.0816314294174238
lasso,p4,True,2,-0.15643725810868342
lasso,p4,True,3,-0.12744768557153563
lasso,p4,True,4,-0.1127537625991671
lasso,p4,True,5,-0.12394637569056953
lasso,p4,True,6,-0.09265398945541883
lasso,p4,True,7,-0.15901928284127875
lasso,p4,True,8,-0.1023276951405098
lasso,p4,True,9,-0.1767432021477078
lasso,p4,True,10,-0.09464495237287363
lasso,p4,True,11,-0.2009549801394589
lasso,p4,True,12,-0.28297629184648093
lasso,p4,True,13,-0.10566254873726987
lasso,p4,True,14,-0.11635725044683468
lasso,p5,False,0,-0.11413433187597309
lasso,p5,False,1,-0.22022968584706884
lasso,p5,False,2,-0.1856572638051202
lasso,p5,False,3,-0.09707067852403468
lasso,p5,False,4,-0.11976903151318827
lasso,p5,False,5,-0.14294696361061793
lasso,p5,False,6,-0.11625612325593852
lasso,p5,False,7,-0.12384461338394512
lasso,p5,False,8,-0.09356700055629665
lasso,p5,False,9,-0.16589098521556775
lasso,p5,False,10,-0.10573419891075123
lasso,p5,False,11,-0.11421259388725703
lasso,p5,False,12,-0.14341319688146323
lasso,p5,False,13,-0.14703424572821824
lasso,p5,False,14,-0.14035641861224366
lasso,p5,True,0,-0.12186249929037386
lasso,p5,True,1,-0.15548047346556307
lasso,p5,True,2,-0.14616941261926075
lasso,p5,True,3,-0.12650379077420731
lasso,p5,True,4,-0.1775927776452803
lasso,p5,True,5,-0.15699849031902194
lasso,p5,True,6,-0.11604745465861102
lasso,p5,True,7,-0.12112443774111621
lasso,p5,True,8,-0.11323734163981576
lasso,p5,True,9,-0.15548637697318607
lasso,p5,True,10,-0.24933118642213123
lasso,p5,True,11,-0.10967745538275149
lasso,p5,True,12,-0.09289269815404927
lasso,p5,True,13,-0.11139113380180542
lasso,p5,True,14,-0.11349930241218992
lasso,p6,False,0,-0.12886890104809756
lasso,p6,False,1,-0.09955288777626409
lasso,p6,False,2,-0.17726480713196088
lasso,p6,False,3,-0.28856054062206643
lasso,p6,False,4,-0.1313764311502995
lasso,p6,False,5,-0.14743823189661234
lasso,p6,False,6,-0.11264961946557432
lasso,p6,False,7,-0.1498231108083356
lasso,p6,False,8,-0.127705507654281
lasso,p6,False,9,-0.10924085941804425
lasso,p6,False,10,-0.10737016991094472
lasso,p6,False,11,-0.17567688382835553
lasso,p6,False,12,-0.1109103449811241
lasso,p6,False,13,-0.15514640819909278
lasso,p6,False,14,-0.10422786997439562
lasso,p6,True,0,-0.09765284558529184
lasso,p6,True,1,-0.10740555293137288
lasso,p6,True,2,-0.14565852391166742
lasso,p6,True,3,-0.16658433840414186
lasso,p6,True,4,-0.12375198179334786
lasso,p6,True,5,-0.16346093383397006
lasso,p6,True,6,-0.10566410118154199
lasso,p6,True,7,-0.1408099803696311
lasso,p6,True,8,-0.12993524451677543
lasso,p6,True,9,-0.09745737291605258
lasso,p6,True,10,-0.1170166992908789
lasso,p6,True,11,-0.11653665001878319
lasso,p6,True,12,-0.1482988672059159
lasso,p6,True,13,-0.14531815383936017
lasso,p6,True,14,-0.11630756196409815
lasso,p7,False,0,-0.16258759128666622
lasso,p7,False,1,-0.11825918972978829
lasso,p7,False,2,-0.09181533338539999
lasso,p7,False,3,-0.13606239115552127
lasso,p7,False,4,-0.11827623561269983
lasso,p7,False,5,-0.1407788612035863
lasso,p7,False,6,-0.16489409290299373
lasso,p7,False,7,-0.10529436387346153
lasso,p7,False,8,-0.10989112694806108
lasso,p7,False,9,-0.11238949970965242
lasso,p7,False,10,-0.10139895817236076
lasso,p7,False,11,-0.09317886516749574
lasso,p7,False,12,-0.15318534810225623
lasso,p7,False,13,-0.11408221761072802
lasso,p7,False,14,-0.16398643403167643
lasso,p7,True,0,-0.089902652683594
lasso,p7,True,1,-0.15607311668122437
lasso,p7,True,2,-0.1570151836987739
lasso,p7,True,3,-0.1041345922997108
lasso,p7,True,4,-0.11598986617953834
lasso,p7,True,5,-0.10556570353314654
lasso,p7,True,6,-0.10211123554119084
lasso,p7,True,7,-0.20187477350594554
lasso,p7,True,8,-0.11093718946916804
lasso,p7,True,9,-0.08536431332204535
lasso,p7,True,10,-0.12075067964951954
lasso,p7,True,11,-0.15027703278644602
lasso,p7,True,12,-0.0942440237277998
lasso,p7,True,13,-0.12480551258303646
lasso,p7,True,14,-0.1428551797142869
lasso,p8,False,0,-0.10500799824268754
lasso,p8,False,1,-0.12789484102764742
lasso,p8,False,2,-0.11206420103917102
lasso,p8,False,3,-0.15300129464470785
lasso,p8,False,4,-0.1434476199005573
lasso,p8,False,5,-0.09643396895378849
lasso,p8,False,6,-0.11856055016661815
lasso,p8,False,7,-0.0925350553210809
lasso,p8,False,8,-0.19346274877174507
lasso,p8,False,9,-0.11515753312715138
lasso,p8,False,10,-0.11170911567718667
lasso,p8,False,11,-0.09964015237933062
lasso,p8,False,12,-0.15346029671001735
lasso,p8,False,13,-0.12919129814306932
lasso,p8,False,14,-0.1418476788895664
lasso,p8,True,0,-0.1749682065555062
lasso,p8,True,1,-0.12001671821096252
lasso,p8,True,2,-0.11137117580389946
lasso,p8,True,3,-0.13263320776171594
lasso,p8,True,4,-0.09306444797917364
lasso,p8,True,5,-0.10681546889539581
lasso,p8,True,6,-0.10741642487298166
lasso,p8,True,7,-0.11393842274054487
lasso,p8,True,8,-0.1610086273826043
lasso,p8,True,9,-0.1444130143175222
lasso,p8,True,10,-0.10139898493559023
lasso,p8,True,11,-0.1628862802461687
lasso,p8,True,12,-0.11152230876237698
lasso,p8,True,13,-0.15740151328704508
lasso,p8,True,14,-0.09399378284195953
lasso,p9,False,0,-0.11379953123857733
lasso,p9,False,1,-0.11125140998804424
lasso,p9,False,2,-0.09884192299698759
lasso,p9,False,3,-0.1560316260522557
lasso,p9,False,4,-0.15157428945956974
lasso,p9,False,5,-0.15941075378435338
lasso,p9,False,6,-0.15979997652634403
lasso,p9,False,7,-0.07889834135790513
lasso,p9,False,8,-0.1096793822482448
lasso,p9,False,9,-0.1111717596013629
lasso,p9,False,10,-0.10192911862387945
lasso,p9,False,11,-0.1056406938876843
lasso,p9,False,12,-0.10918497012843341
lasso,p9,False,13,-0.14720701223050428
lasso,p9,False,14,-0.16450911955090408
lasso,p9,True,0,-0.15321173767067783
lasso,p9,True,1,-0.10544777311600949
lasso,p9,True,2,-0.14357284967918385
lasso,p9,True,3,-0.1239172967697983
lasso,p9,True,4,-0.10164652990268688
lasso,p9,True,5,-0.09655996076984853
lasso,p9,True,6,-0.1587534706777018
lasso,p9,True,7,-0.10205823768597574
lasso,p9,True,8,-0.10784223633345995
lasso,p9,True,9,-0.15980553864988026
lasso,p9,True,10,-0.11319258853522939
lasso,p9,True,11,-0.11192693174143305
lasso,p9,True,12,-0.07894012271565531
lasso,p9,True,13,-0.12958922811665624
lasso,p9,True,14,-0.18096807580912389
ridge,p1,False,0,-0.19536965378634252
ridge,p1,False,1,-0.10342335693012975
ridge,p1,False,2,-0.11901045542589389
ridge,p1,False,3,-0.14153696373782623
ridge,p1,False,4,-0.16030151707077103
ridge,p1,False,5,-0.12510708001932064
ridge,p1,False,6,-0.5319340444343982
ridge,p1,False,7,-0.13120422269844265
ridge,p1,False,8,-0.14573106304143715
ridge,p1,False,9,-0.1204840547278592
ridge,p1,False,10,-0.11195843239903268
ridge,p1,False,11,-0.1570695676149094
ridge,p1,False,12,-0.10446349575341192
ridge,p1,False,13,-0.149614302353066
ridge,p1,False,14,-0.1733250070619415
ridge,p1,True,0,-0.1532775138351144
ridge,p1,True,1,-0.09641861368672763
ridge,p1,True,2,-0.1604136068179183
ridge,p1,True,3,-0.10811864752016433
ridge,p1,True,4,-0.10292822018022037
ridge,p1,True,5,-0.10516040408746861
ridge,p1,True,6,-0.0964649827109856
ridge,p1,True,7,-0.15606534949924097
ridge,p1,True,8,-0.11947151082250237
ridge,p1,True,9,-0.15006158115523627
ridge,p1,True,10,-0.1556751079308271
ridge,p1,True,11,-0.10671382874695098
ridge,p1,True,12,-0.12217737998381081
ridge,p1,True,13,-0.15802450376117227
ridge,p1,True,14,-0.0899248165600652
ridge,p2,False,0,-0.17176864308624337
ridge,p2,False,1,-0.10137515816490116
ridge,p2,False,2,-0.09098913228236624
ridge,p2,False,3,-0.154312797881992
ridge,p2,False,4,-0.2630694576374276
ridge,p2,False,5,-0.18501350321508508
ridge,p2,False,6,-0.11110681067379423
ridge,p2,False,7,-0.13941778002044533
ridge,p2,False,8,-0.17209010417333429
ridge,p2,False,9,-0.11244033988514729
ridge,p2,False,10,-0.10782522363967643
ridge,p2,False,11,-0.10040126772608575
ridge,p2,False,12,-0.2099569475663377
ridge,p2,False,13,-0.28034589185460335
ridge,p2,False,14,-0.15903600712733454
ridge,p2,True,0,-0.09979326773670556
ridge,p2,True,1,-0.1111372798383914
ridge,p2,True,2,-0.14717495245636686
ridge,p2,True,3,-0.10931699888152899
ridge,p2,True,4,-0.1607656967319729
ridge,p2,True,5,-0.10172208414750446
ridge,p2,True,6,-0.09491376795483585
ridge,p2,True,7,-0.17489649627132262
ridge,p2,True,8,-0.14027043288919225
ridge,p2,True,9,-0.1285382029313109
ridge,p2,True,10,-0.10498661260482656
ridge,p2,True,11,-0.08680401501663317
ridge,p2,True,12,-0.10423770574719543
ridge,p2,True,13,-0.18152201206836344
ridge,p2,True,14,-0.15488523935813664
ridge,p3,False,0,-0.10295548395593061
ridge,p3,False,1,-0.09851833150050535
ridge,p3,False,2,-0.1547937186508845
ridge,p3,False,3,-0.25671517495837537
ridge,p3,False,4,-0.1635973300886356
ridge,p3,False,5,-0.5389586331617592
ridge,p3,False,6,-0.11004459635959947
ridge,p3,False,7,-0.10325248289964634
ridge,p3,False,8,-0.13146956822298955
ridge,p3,False,9,-0.14887562325079476
ridge,p3,False,10,-0.1506104666437864
ridge,p3,False,11,-0.12494316726369874
ridge,p3,False,12,-0.723886986801791
ridge,p3,False,13,-0.15799550905765133
ridge,p3,False,14,-0.09931212538742831
ridge,p3,True,0,-0.15735630272723425
ridge,p3,True,1,-0.15378477855539252
ridge,p3,True,2,-0.13361817739673562
ridge,p3,True,3,-0.08223355977451474
ridge,p3,True,4,-0.10875117334830492
ridge,p3,True,5,-0.15558448853622842
ridge,p3,True,6,-0.09679087696902834
ridge,p3,True,7,-0.12006255792985103
ridge,p3,True,8,-0.12186065811008444
ridge,p3,True,9,-0.13486499532385243
ridge,p3,True,10,-0.13928308538859072
ridge,p3,True,11,-0.15899055673627077
ridge,p3,True,12,-0.10903285795347602
ridge,p3,True,13,-0.14952687809813564
ridge,p3,True,14,-0.12486058459195591
ridge,p4,False,0,-0.11061970218594869
ridge,p4,False,1,-0.09584963156650873
ridge,p4,False,2,-0.12479995450293345
ridge,p4,False,3,-0.1639802397065241
ridge,p4,False,4,-0.158108470971309
ridge,p4,False,5,-0.5490051099924576
ridge,p4,False,6,-0.1752041586604988
ridge,p4,False,7,-0.11107032131591417
ridge,p4,False,8,-0.10591635546797985
ridge,p4,False,9,-0.12261019292578648
ridge,p4,False,10,-0.12319025561355143
ridge,p4,False,11,-0.0982779053413929
ridge,p4,False,12,-0.2361491216785422
ridge,p4,False,13,-0.10471215037974285
ridge,p4,False,14,-0.1814982487495716
ridge,p4,True,0,-0.09896700749521892
ridge,p4,True,1,-0.1164032853634636
ridge,p4,True,2,-0.13896099775621504
ridge,p4,True,3,-0.16098371445872187
ridge,p4,True,4,-0.10985913330173439
ridge,p4,True,5,-0.11260094015838921
ridge,p4,True,6,-0.18351114332730903
ridge,p4,True,7,-0.11062712800782269
ridge,p4,True,8,-0.11548234391833094
ridge,p4,True,9,-0.08805036491675491
ridge,p4,True,10,-0.1052636738985329
ridge,p4,True,11,-0.10606158480190464
ridge,p4,True,12,-0.10144044160075345
ridge,p4,True,13,-0.15134909636612315
ridge,p4,True,14,-0.15860028804443063
ridge,p5,False,0,-0.10240825057370366
ridge,p5,False,1,-0.11210284081137448
ridge,p5,False,2,-0.213253374189287
ridge,p5,False,3,-0.12345337239296854
ridge,p5,False,4,-0.15377588637178263
ridge,p5,False,5,-0.16504406906405772
ridge,p5,False,6,-0.1455604815291291
ridge,p5,False,7,-0.11135319553345707
ridge,p5,False,8,-0.11877187662199669
ridge,p5,False,9,-0.09957179838876505
ridge,p5,False,10,-0.11298134135906532
ridge,p5,False,11,-0.11548072523333203
ridge,p5,False,12,-0.15802968813985047
ridge,p5,False,13,-0.0941568783550163
ridge,p5,False,14,-0.15347485804306601
ridge,p5,True,0,-0.13921477591129008
ridge,p5,True,1,-0.12072878826511713
ridge,p5,True,2,-0.11526058064503203
ridge,p5,True,3,-0.1085174910007152
ridge,p5,True,4,-0.15414294313461602
ridge,p5,True,5,-0.1602645011135822
ridge,p5,True,6,-0.1210293407864866
ridge,p5,True,7,-0.09059483529224627
ridge,p5,True,8,-0.10230716956009758
ridge,p5,True,9,-0.1576224980447242
ridge,p5,True,10,-0.16315643316088005
ridge,p5,True,11,-0.1015039504038479
ridge,p5,True,12,-0.11555552122681638
ridge,p5,True,13,-0.11537214047292334
ridge,p5,True,14,-0.14160135984289257
ridge,p6,False,0,-0.14859901436476491
ridge,p6,False,1,-0.15076867960152524
ridge,p6,False,2,-0.17257308510549896
ridge,p6,False,3,-0.12086549548703096
ridge,p6,False,4,-0.10968843031240888
ridge,p6,False,5,-0.11097560798820442
ridge,p6,False,6,-0.2191499105661325
ridge,p6,False,7,-0.15108649389750065
ridge,p6,False,8,-0.11889382080035325
ridge,p6,False,9,-0.15032674888040176
ridge,p6,False,10,-0.11437359348040602
ridge,p6,False,11,-0.09765422972007497
ridge,p6,False,12,-0.1618419934087986
ridge,p6,False,13,-0.16033750335333147
ridge,p6,False,14,-0.15447149776109462
ridge,p6,True,0,-0.09039120730463956
ridge,p6,True,1,-0.1595831854967561
ridge,p6,True,2,-0.14136951082331187
ridge,p6,True,3,-0.12197287383997116
ridge,p6,True,4,-0.11787855630014907
ridge,p6,True,5,-0.1407375878583038
ridge,p6,True,6,-0.14484191919948933
ridge,p6,True,7,-0.1102938063563406
ridge,p6,True,8,-0.1295317574906467
ridge,p6,True,9,-0.11251191199443965
ridge,p6,True,10,-0.16071020516064904
ridge,p6,True,11,-0.12100954774316101
ridge,p6,True,12,-0.12050877764303519
ridge,p6,True,13,-0.08857777798108347
ridge,p6,True,14,-0.14203488783297527
ridge,p7,False,0,-0.17125989027087118
ridge,p7,False,1,-0.29942992004354485
ridge,p7,False,2,-0.1042132958666457
ridge,p7,False,3,-0.1597561825389701
ridge,p7,False,4,-0.14362345571150906
ridge,p7,False,5,-0.07996156527901238
ridge,p7,False,6,-0.17774096674355425
ridge,p7,False,7,-0.15642599639385338
ridge,p7,False,8,-0.11770933092438615
ridge,p7,False,9,-0.16069033476799047
ridge,p7,False,10,-0.13901055656795222
ridge,p7,False,11,-0.1605077806918062
ridge,p7,False,12,-0.09459950961052926
ridge,p7,False,13,-0.15648959466665993
ridge,p7,False,14,-0.08836693672672995
ridge,p7,True,0,-0.09917732919868917
ridge,p7,True,1,-0.09583881310591738
ridge,p7,True,2,-0.15446599554569032
ridge,p7,True,3,-0.142580482451589
ridge,p7,True,4,-0.1312185154498546
ridge,p7,True,5,-0.09657856947016426
ridge,p7,True,6,-0.10561911264356667
ridge,p7,True,7,-0.11762731023040494
ridge,p7,True,8,-0.1622513704480336
ridge,p7,True,9,-0.14679649612874415
ridge,p7,True,10,-0.12333785620520353
ridge,p7,True,11,-0.1593943931580067
ridge,p7,True,12,-0.13152648044584273
ridge,p7,True,13,-0.1159900975534054
ridge,p7,True,14,-0.09834001372753366
ridge,p8,False,0,-0.152820405220975
ridge,p8,False,1,-0.14038335798003476
ridge,p8,False,2,-0.13794335458333518
ridge,p8,False,3,-0.10376588970390116
ridge,p8,False,4,-0.1282663976577132
ridge,p8,False,5,-0.09636945313256833
ridge,p8,False,6,-0.4450642979510272
ridge,p8,False,7,-0.13741426748399554
ridge,p8,False,8,-0.154877051154379
ridge,p8,False,9,-0.1571105522479081
ridge,p8,False,10,-0.1548376967496462
ridge,p8,False,11,-0.10875820887558164
ridge,p8,False,12,-0.10851480341716824
ridge,p8,False,13,-0.11397920316229809
ridge,p8,False,14,-0.17579574757329078
ridge,p8,True,0,-0.09081676962233574
ridge,p8,True,1,-0.15492402916279058
ridge,p8,True,2,-0.17593329728630328
ridge,p8,True,3,-0.09381334104020847
ridge,p8,True,4,-0.14956908355306828
ridge,p8,True,5,-0.13655576771244204
ridge,p8,True,6,-0.09043712576123439
ridge,p8,True,7,-0.11036004718308226
ridge,p8,True,8,-0.14213540360082935
ridge,p8,True,9,-0.15162183839211346
ridge,p8,True,10,-0.10036288769744696
ridge,p8,True,11,-0.15206811213883098
ridge,p8,True,12,-0.11137140874725195
ridge,p8,True,13,-0.14796274770319573
ridge,p8,True,14,-0.12535409136351808
ridge,p9,False,0,-0.1455506408616647
ridge,p9,False,1,-0.16092541687201972
ridge,p9,False,2,-0.17462740252552275
ridge,p9,False,3,-0.12561329984599753
ridge,p9,False,4,-0.10283685574543747
ridge,p9,False,5,-0.10377691141938301
ridge,p9,False,6,-0.1463889865468698
ridge,p9,False,7,-0.16129542370608105
ridge,p9,False,8,-0.14801110791893768
ridge,p9,False,9,-0.129286891696001
ridge,p9,False,10,-0.098347384664732
ridge,p9,False,11,-0.16675068865369472
ridge,p9,False,12,-0.18429175857211938
ridge,p9,False,13,-0.1042636515131958
ridge,p9,False,14,-0.12358446581820902
ridge,p9,True,0,-0.11719189972172886
ridge,p9,True,1,-0.15001428097171124
ridge,p9,True,2,-0.09590311609207748
ridge,p9,True,3,-0.14944404319185542
ridge,p9,True,4,-0.11061352759653112
ridge,p9,True,5,-0.09129235701155548
ridge,p9,True,6,-0.10217694765828385
ridge,p9,True,7,-0.1781619370078537
ridge,p9,True,8,-0.1488142132652849
ridge,p9,True,9,-0.08927229401767466
ridge,p9,True,10,-0.5353088404189273
ridge,p9,True,11,-0.10570628260408978
ridge,p9,True,12,-0.0966668199585895
ridge,p9,True,13,-0.16940779283217172
ridge,p9,True,14,-0.15783020503476658
elasticnet,p1,False,0,-0.08674618784367946
elasticnet,p1,False,1,-0.12685778053791158
elasticnet,p1,False,2,-0.11179438664167707
elasticnet,p1,False,3,-0.4308002831468509
elasticnet,p1,False,4,-0.1866136149018538
elasticnet,p1,False,5,-0.17460303640716893
elasticnet,p1,False,6,-0.20677621747951067
elasticnet,p1,False,7,-0.0885183978172783
elasticnet,p1,False,8,-0.11644644184752377
elasticnet,p1,False,9,-0.08971149554390156
elasticnet,p1,False,10,-0.11867403319641037
elasticnet,p1,False,11,-0.10144586888622728
elasticnet,p1,False,12,-0.10290912511807099
elasticnet,p1,False,13,-0.151552871080841
elasticnet,p1,False,14,-0.2698424003184558
elasticnet,p1,True,0,-0.15679895614359912
elasticnet,p1,True,1,-0.14901404413898364
elasticnet,p1,True,2,-0.2461075955853005
elasticnet,p1,True,3,-0.10069129719067006
elasticnet,p1,True,4,-0.12412031486986337
elasticnet,p1,True,5,-0.2652922787447955
elasticnet,p1,True,6,-0.11600964235528789
elasticnet,p1,True,7,-0.1435411506089546
elasticnet,p1,True,8,-0.11650624163712921
elasticnet,p1,True,9,-0.11911848758230503
elasticnet,p1,True,10,-0.17545282391887915
elasticnet,p1,True,11,-0.13743228940673183
elasticnet,p1,True,12,-0.09937951061253497
elasticnet,p1,True,13,-0.10634647015554383
elasticnet,p1,True,14,-0.11594930291001995
elasticnet,p2,False,0,-0.10267547689527491
elasticnet,p2,False,1,-0.11771753646561706
elasticnet,p2,False,2,-0.17469195423828832
elasticnet,p2,False,3,-0.15009618840311253
elasticnet,p2,False,4,-0.11578592162112875
elasticnet,p2,False,5,-0.11459957245447759
elasticnet,p2,False,6,-0.24240640986553372
elasticnet,p2,False,7,-0.11188035877127035
elasticnet,p2,False,8,-0.18422763783334772
elasticnet,p2,False,9,-0.11044025370086798
elasticnet,p2,False,10,-0.11112451059206355
elasticnet,p2,False,11,-0.15924911091914304
elasticnet,p2,False,12,-0.2103561079229207
elasticnet,p2,False,13,-0.15845969471549654
elasticnet,p2,False,14,-0.09682728032969586
elasticnet,p2,True,0,-0.1211024831691004
elasticnet,p2,True,1,-0.27990135223625684
elasticnet,p2,True,2,-0.14608434625462352
elasticnet,p2,True,3,-0.08257723853456808
elasticnet,p2,True,4,-0.13160284629885954
elasticnet,p2,True,5,-0.11957981188049946
elasticnet,p2,True,6,-0.14442724131105583
elasticnet,p2,True,7,-0.14603792915813069
elasticnet,p2,True,8,-0.1476068687988072
elasticnet,p2,True,9,-0.09367757403946514
elasticnet,p2,True,10,-0.13825118011154774
elasticnet,p2,True,11,-0.15978753004153912
elasticnet,p2,True,12,-0.110931973851238
elasticnet,p2,True,13,-0.1444691939257948
elasticnet,p2,True,14,-0.11469293546531248
elasticnet,p3,False,0,-0.1536027591883392
elasticnet,p3,False,1,-0.15379025453786702
elasticnet,p3,False,2,-0.08881751868090865
elasticnet,p3,False,3,-0.12591917093970603
elasticnet,p3,False,4,-0.12055877401508576
elasticnet,p3,False,5,-0.11820995086674169
elasticnet,p3,False,6,-0.12747959063034356
elasticnet,p3,False,7,-0.09252861091107603
elasticnet,p3,False,8,-0.14644726655425822
elasticnet,p3,False,9,-0.15916099335596512
elasticnet,p3,False,10,-0.10540110595468545
elasticnet,p3,False,11,-0.14099242232658565
elasticnet,p3,False,12,-0.1117190781823021
elasticnet,p3,False,13,-0.15878321837206735
elasticnet,p3,False,14,-0.12891714385145292
elasticnet,p3,True,0,-0.15768013736544284
elasticnet,p3,True,1,-0.11103323887782729
elasticnet,p3,True,2,-0.10075956098957818
elasticnet,p3,True,3,-0.14856093913665602
elasticnet,p3,True,4,-0.12696897131400248
elasticnet,p3,True,5,-0.15300164152783854
elasticnet,p3,True,6,-0.1261085191090826
elasticnet,p3,True,7,-0.08039328549118174
elasticnet,p3,True,8,-0.13519729662125518
elasticnet,p3,True,9,-0.1463180272481038
elasticnet,p3,True,10,-0.12101842045790748
elasticnet,p3,True,11,-0.1282090355415158
elasticnet,p3,True,12,-0.1859860923581881
elasticnet,p3,True,13,-0.09673018234541231
elasticnet,p3,True,14,-0.10186886734560413
elasticnet,p4,False,0,-0.11159813004523482
elasticnet,p4,False,1,-0.10917942820111619
elasticnet,p4,False,2,-0.11819315703364772
elasticnet,p4,False,3,-0.20012184639732794
elasticnet,p4,False,4,-0.15833184803099956
elasticnet,p4,False,5,-0.1099864362724778
elasticnet,p4,False,6,-0.1089852813750971
elasticnet,p4,False,7,-0.5036604385428923
elasticnet,p4,False,8,-0.14285475707272133
elasticnet,p4,False,9,-0.13298513205589008
elasticnet,p4,False,10,-0.18854383080224552
elasticnet,p4,False,11,-0.10886757167947565
elasticnet,p4,False,12,-0.08651399524008234
elasticnet,p4,False,13,-0.10846214457953021
elasticnet,p4,False,14,-0.13549860282351228
elasticnet,p4,True,0,-0.11436734131617401
elasticnet,p4,True,1,-0.11441216961283338
elasticnet,p4,True,2,-0.13288776970246485
elasticnet,p4,True,3,-0.17735409790149903
elasticnet,p4,True,4,-0.1612203518836785
elasticnet,p4,True,5,-0.11329749595015719
elasticnet,p4,True,6,-0.15742440680910796
elasticnet,p4,True,7,-0.11386625408408833
elasticnet,p4,True,8,-0.14508435991115587
elasticnet,p4,True,9,-0.11395917436202259
elasticnet,p4,True,10,-0.11273828411725206
elasticnet,p4,True,11,-0.1595777250193268
elasticnet,p4,True,12,-0.0977747387513782
elasticnet,p4,True,13,-0.13473812616995093
elasticnet,p4,True,14,-0.14198004368963268
elasticnet,p5,False,0,-0.15474717264051135
elasticnet,p5,False,1,-0.09962893671800048
elasticnet,p5,False,2,-0.10554720802610301
elasticnet,p5,False,3,-0.19866113981654115
elasticnet,p5,False,4,-0.12075632919326944
elasticnet,p5,False,5,-0.09850525871843611
elasticnet,p5,False,6,-0.11311390366581515
elasticnet,p5,False,7,-0.18192363164007955
elasticnet,p5,False,8,-0.12258787851087444
elasticnet,p5,False,9,-0.3127595911926347
elasticnet,p5,False,10,-0.16980801478551125
elasticnet,p5,False,11,-0.11837693174931127
elasticnet,p5,False,12,-0.10494898343898071
elasticnet,p5,False,13,-0.16006611646420985
elasticnet,p5,False,14,-0.15193594786525175
elasticnet,p5,True,0,-0.13607125197063996
elasticnet,p5,True,1,-0.37084389089027736
elasticnet,p5,True,2,-0.10274321361280431
elasticnet,p5,True,3,-0.14206693229607817
elasticnet,p5,True,4,-0.1110788547002101
elasticnet,p5,True,5,-0.12486649729952005
elasticnet,p5,True,6,-0.10181364047853571
elasticnet,p5,True,7,-0.1594178551817458
elasticnet,p5,True,8,-0.1609068992039501
elasticnet,p5,True,9,-0.1414706551252629
elasticnet,p5,True,10,-0.15208035826242822
elasticnet,p5,True,11,-0.11018107739515834
elasticnet,p5,True,12,-0.16593248435589067
elasticnet,p5,True,13,-0.10400190531328733
elasticnet,p5,True,14,-0.11531719638591267
elasticnet,p6,False,0,-0.15695986839705806
elasticnet,p6,False,1,-0.16216629480628914
elasticnet,p6,False,2,-0.11613179135500032
elasticnet,p6,False,3,-0.09693632502040736
elasticnet,p6,False,4,-0.2472150158047364
elasticnet,p6,False,5,-0.09096323196476104
elasticnet,p6,False,6,-0.13259535745108958
elasticnet,p6,False,7,-0.15078879980212617
elasticnet,p6,False,8,-0.14470323192458825
elasticnet,p6,False,9,-0.13152447890339863
elasticnet,p6,False,10,-0.1197551533707556
elasticnet,p6,False,11,-0.10630751093638682
elasticnet,p6,False,12,-0.16454551254936076
elasticnet,p6,False,13,-0.14519533577026023
elasticnet,p6,False,14,-0.11289636774794456
elasticnet,p6,True,0,-0.1154899866313606
elasticnet,p6,True,1,-0.11610181771529249
elasticnet,p6,True,2,-0.15477098500096034
elasticnet,p6,True,3,-0.1588733208837342
elasticnet,p6,True,4,-0.12241805031579017
elasticnet,p6,True,5,-0.10801904487569317
elasticnet,p6,True,6,-0.08464891397349734
elasticnet,p6,True,7,-0.24361552884367552
elasticnet,p6,True,8,-0.1598336799497165
elasticnet,p6,True,9,-0.1357693658373587
elasticnet,p6,True,10,-0.1385299652386561
elasticnet,p6,True,11,-0.12111096661030583
elasticnet,p6,True,12,-0.16531793250327204
elasticnet,p6,True,13,-0.20243065287356793
elasticnet,p6,True,14,-0.09610306790244963
elasticnet,p7,False,0,-0.18498030903061594
elasticnet,p7,False,1,-0.12735716740681643
elasticnet,p7,False,2,-0.09677680413354843
elasticnet,p7,False,3,-0.11857073667108854
elasticnet,p7,False,4,-0.10837559571046278
elasticnet,p7,False,5,-0.19404653173462674
elasticnet,p7,False,6,-0.11450706173978335
elasticnet,p7,False,7,-0.10693163113505935
elasticnet,p7,False,8,-0.11664871473684468
elasticnet,p7,False,9,-0.09898795950871915
elasticnet,p7,False,10,-0.1101480574308425
elasticnet,p7,False,11,-0.1046051049876863
elasticnet,p7,False,12,-0.15383155272595572
elasticnet,p7,False,13,-0.16086529119414106
elasticnet,p7,False,14,-0.11281260099855477
elasticnet,p7,True,0,-0.10561996463510194
elasticnet,p7,True,1,-0.10749900108571141
elasticnet,p7,True,2,-0.16937952266204923
elasticnet,p7,True,3,-0.14460359647638624
elasticnet,p7,True,4,-0.11436204807541409
elasticnet,p7,True,5,-0.16055559051352986
elasticnet,p7,True,6,-0.11651918735871931
elasticnet,p7,True,7,-0.16704774176578002
elasticnet,p7,True,8,-0.09080378936409725
elasticnet,p7,True,9,-0.10160105269856046
elasticnet,p7,True,10,-0.15009457288802278
elasticnet,p7,True,11,-0.1637061327903629
elasticnet,p7,True,12,-0.09324134846579535
elasticnet,p7,True,13,-0.10400644254657238
elasticnet,p7,True,14,-0.12838697388024561
elasticnet,p8,False,0,-0.15433128468878915
elasticnet,p8,False,1,-0.11924132813480447
elasticnet,p8,False,2,-0.12122298455151483
elasticnet,p8,False,3,-0.09370848951669383
elasticnet,p8,False,4,-0.15425860020519488
elasticnet,p8,False,5,-0.13077257769266307
elasticnet,p8,False,6,-0.11320107280334082
elasticnet,p8,False,7,-0.11767334855987115
elasticnet,p8,False,8,-0.17636977204660928
elasticnet,p8,False,9,-0.10217680293658768
elasticnet,p8,False,10,-0.10363245632022186
elasticnet,p8,False,11,-0.11059020376461083
elasticnet,p8,False,12,-0.17493166998035242
elasticnet,p8,False,13,-0.10748041834556438
elasticnet,p8,False,14,-0.14281127101569227
elasticnet,p8,True,0,-0.10430274410578128
elasticnet,p8,True,1,-0.11230881887036498
elasticnet,p8,True,2,-0.1425658945612299
elasticnet,p8,True,3,-0.16361842504183918
elasticnet,p8,True,4,-0.12126705657436118
elasticnet,p8,True,5,-0.15208259526448725
elasticnet,p8,True,6,-0.1700833424895361
elasticnet,p8,True,7,-0.09401975994986154
elasticnet,p8,True,8,-0.09508333167719105
elasticnet,p8,True,9,-0.12522172305986506
elasticnet,p8,True,10,-0.16388994201347637
elasticnet,p8,True,11,-0.14176103021933628
elasticnet,p8,True,12,-0.09398394030535337
elasticnet,p8,True,13,-0.12119411637985175
elasticnet,p8,True,14,-0.1230645375817732
elasticnet,p9,False,0,-0.16886324301985392
elasticnet,p9,False,1,-0.15971969047812415
elasticnet,p9,False,2,-0.11353965601629802
elasticnet,p9,False,3,-0.105093319289209
elasticnet,p9,False,4,-0.08640562049189074
elasticnet,p9,False,5,-0.15566318132515267
elasticnet,p9,False,6,-0.14395548507696976
elasticnet,p9,False,7,-0.12656543953122598
elasticnet,p9,False,8,-0.12454726470980663
elasticnet,p9,False,9,-0.09328250193239525
elasticnet,p9,False,10,-0.11417923234136791
elasticnet,p9,False,11,-0.11171037036373851
elasticnet,p9,False,12,-0.14946055395162408
elasticnet,p9,False,13,-0.15786645299003818
elasticnet,p9,False,14,-0.11213249559820801
elasticnet,p9,True,0,-0.1158082611587515
elasticnet,p9,True,1,-0.14604870386469984
elasticnet,p9,True,2,-0.10958771088324523
elasticnet,p9,True,3,-0.16311883411089845
elasticnet,p9,True,4,-0.10963346888516784
elasticnet,p9,True,5,-0.14937123519218803
elasticnet,p9,True,6,-0.15254684327243367
elasticnet,p9,True,7,-0.10465327201091303
elasticnet,p9,True,8,-0.11674315838537343
elasticnet,p9,True,9,-0.12326667324099087
elasticnet,p9,True,10,-0.14738446592213778
elasticnet,p9,True,11,-0.11731654913903085
elasticnet,p9,True,12,-0.15263663413907483
elasticnet,p9,True,13,-0.1259370346266041
elasticnet,p9,True,14,-0.10345116252241938
svm,p1,False,0,-0.1531601414612659
svm,p1,False,1,-0.11167495991915882
svm,p1,False,2,-0.1155865110840073
svm,p1,False,3,-0.11073032120930376
svm,p1,False,4,-0.15555780591121376
svm,p1,False,5,-0.09559311778624582
svm,p1,False,6,-0.14673740984596315
svm,p1,False,7,-0.1109471062918498
svm,p1,False,8,-0.15473805167079546
svm,p1,False,9,-0.13718210458336663
svm,p1,False,10,-0.11129619527376514
svm,p1,False,11,-0.09129939614430359
svm,p1,False,12,-0.12855981642900494
svm,p1,False,13,-0.15703255749456638
svm,p1,False,14,-0.15490090735316647
svm,p2,False,0,-0.14903198616923927
svm,p2,False,1,-0.10751136933469412
svm,p2,False,2,-0.13206683566065114
svm,p2,False,3,-0.14104154480570488
svm,p2,False,4,-0.12154475810421723
svm,p2,False,5,-0.1030544130017399
svm,p2,False,6,-0.10666819371109827
svm,p2,False,7,-0.14754425262009227
svm,p2,False,8,-0.15964519881770783
svm,p2,False,9,-0.12914598020922025
svm,p2,False,10,-0.1316250838336451
svm,p2,False,11,-0.12208243483408741
svm,p2,False,12,-0.1367560952145421
svm,p2,False,13,-0.14154964867337758
svm,p2,False,14,-0.12257176032965539
svm,p3,False,0,-0.1282614849072876
svm,p3,False,1,-0.20125313016398838
svm,p3,False,2,-0.1076864606877055
svm,p3,False,3,-0.08377480964063798
svm,p3,False,4,-0.0832739492020465
svm,p3,False,5,-0.09840067919130412
svm,p3,False,6,-0.14038523793972815
svm,p3,False,7,-0.13890128696028234
svm,p3,False,8,-0.11192594577336834
svm,p3,False,9,-0.14752433498184842
svm,p3,False,10,-0.10937477935183425
svm,p3,False,11,-0.1267952499549551
svm,p3,False,12,-0.10522445249765418
svm,p3,False,13,-0.14619115304681088
svm,p3,False,14,-0.15069177600916944
svm,p4,False,0,-0.19753713595366265
svm,p4,False,1,-0.1088671758521244
svm,p4,False,2,-0.09642470723799064
svm,p4,False,3,-0.11531165788775406
svm,p4,False,4,-0.10757074223027031
svm,p4,False,5,-0.11720620745420478
svm,p4,False,6,-0.12547109462373737
svm,p4,False,7,-0.15802903076835093
svm,p4,False,8,-0.10532339342696051
svm,p4,False,9,-0.13999685731628242
svm,p4,False,10,-0.13936655480788115
svm,p4,False,11,-0.11774387711894808
svm,p4,False,12,-0.08528810555881969
svm,p4,False,13,-0.17541234120578122
svm,p4,False,14,-0.1179334174745319
svm,p5,False,0,-0.1337469413993439
svm,p5,False,1,-0.14805128262937156
svm,p5,False,2,-0.11678823625476503
svm,p5,False,3,-0.12792051350583333
svm,p5,False,4,-0.12536228679927286
svm,p5,False,5,-0.14944950300234908
svm,p5,False,6,-0.0984325722957049
svm,p5,False,7,-0.12494832202092129
svm,p5,False,8,-0.15931573125158977
svm,p5,False,9,-0.11299491493912027
svm,p5,False,10,-0.10634747217790581
svm,p5,False,11,-0.10602382288920459
svm,p5,False,12,-0.1532719638657619
svm,p5,False,13,-0.16680211036308634
svm,p5,False,14,-0.11032927603592768
svm,p6,False,0,-0.11347293775813358
svm,p6,False,1,-0.1010686488911028
svm,p6,False,2,-0.13399781234153793
svm,p6,False,3,-0.1696341110242501
svm,p6,False,4,-0.12359138977197244
svm,p6,False,5,-0.16193364651510794
svm,p6,False,6,-0.10965051110796421
svm,p6,False,7,-0.10753039017294469
svm,p6,False,8,-0.1126237592334991
svm,p6,False,9,-0.15165256559277956
svm,p6,False,10,-0.0932548480962728
svm,p6,False,11,-0.1479764158531489
svm,p6,False,12,-0.12136708106341049
svm,p6,False,13,-0.1286216362829652
svm,p6,False,14,-0.15695782607611924
svm,p7,False,0,-0.13118095518648307
svm,p7,False,1,-0.14869118380920962
svm,p7,False,2,-0.11146188857930517
svm,p7,False,3,-0.09600364891448718
svm,p7,False,4,-0.14730026605107788
svm,p7,False,5,-0.15814810077714744
svm,p7,False,6,-0.13183530287432962
svm,p7,False,7,-0.1125093526711623
svm,p7,False,8,-0.08459866881635746
svm,p7,False,9,-0.1460892019808468
svm,p7,False,10,-0.12216202761243967
svm,p7,False,11,-0.1194463371308532
svm,p7,False,12,-0.14005144052521448
svm,p7,False,13,-0.08826779739342337
svm,p7,False,14,-0.16121804862971734
svm,p8,False,0,-0.09726767967937736
svm,p8,False,1,-0.16263345670622195
svm,p8,False,2,-0.16745587694367497
svm,p8,False,3,-0.11573067277138392
svm,p8,False,4,-0.08606946680948009
svm,p8,False,5,-0.09979680296385472
svm,p8,False,6,-0.15278478760203604
svm,p8,False,7,-0.10184189127963716
svm,p8,False,8,-0.11285930257771444
svm,p8,False,9,-0.16140811455669168
svm,p8,False,10,-0.15377810488197566
svm,p8,False,11,-0.16711130329652435
svm,p8,False,12,-0.10267912523806698
svm,p8,False,13,-0.09679151706366533
svm,p8,False,14,-0.10288458245497743
svm,p9,False,0,-0.18523567235886532
svm,p9,False,1,-0.13568853063583736
svm,p9,False,2,-0.06715639120634063
svm,p9,False,3,-0.10473185376864341
svm,p9,False,4,-0.11066611274666274
svm,p9,False,5,-0.15772157323276245
svm,p9,False,6,-0.1081162731589018
svm,p9,False,7,-0.16526240307168627
svm,p9,False,8,-0.09040962390350751
svm,p9,False,9,-0.10168289055147353
svm,p9,False,10,-0.1095256548347895
svm,p9,False,11,-0.12491325056646599
svm,p9,False,12,-0.10767318408161809
svm,p9,False,13,-0.12738575416537115
svm,p9,False,14,-0.17079778135070547
random_forest,p1,False,0,-0.07980303200886679
random_forest,p1,False,1,-0.18540758440862046
random_forest,p1,False,2,-0.101814404842327
random_forest,p1,False,3,-0.11632478463286644
random_forest,p1,False,4,-0.1257456751654183
random_forest,p1,False,5,-0.1037831152393997
random_forest,p1,False,6,-0.08799102761054053
random_forest,p1,False,7,-0.12671756634901812
random_forest,p1,False,8,-0.16317504325004842
random_forest,p1,False,9,-0.15723391786792235
random_forest,p1,False,10,-0.11700076961750738
random_forest,p1,False,11,-0.1662988384689541
random_forest,p1,False,12,-0.0874791075937407
random_forest,p1,False,13,-0.10323242848329502
random_forest,p1,False,14,-0.1556365795661649
random_forest,p1,True,0,-0.1107300411700481
random_forest,p1,True,1,-0.14625961599535803
random_forest,p1,True,2,-0.11595567944238526
random_forest,p1,True,3,-0.16701288554227972
random_forest,p1,True,4,-0.08889149134996381
random_forest,p1,True,5,-0.16556645772747766
random_forest,p1,True,6,-0.14465509471228166
random_forest,p1,True,7,-0.11887360289221212
random_forest,p1,True,8,-0.09261903298324661
random_forest,p1,True,9,-0.12865041360505503
random_forest,p1,True,10,-0.11272913939859536
random_forest,p1,True,11,-0.10705397540474107
random_forest,p1,True,12,-0.1657826487115023
random_forest,p1,True,13,-0.1400936872435113
random_forest,p1,True,14,-0.10827377056663928
random_forest,p2,False,0,-0.101405256542205
random_forest,p2,False,1,-0.12620238213233817
random_forest,p2,False,2,-0.1394563309054963
random_forest,p2,False,3,-0.15900654152054292
random_forest,p2,False,4,-0.11357388857895474
random_forest,p2,False,5,-0.10806009388539578
random_forest,p2,False,6,-0.09723854514567742
random_forest,p2,False,7,-0.09316463320476329
random_forest,p2,False,8,-0.10717400742608031
random_forest,p2,False,9,-0.20105952146706588
random_forest,p2,False,10,-0.1542836392055674
random_forest,p2,False,11,-0.11219820562437158
random_forest,p2,False,12,-0.12510945852652938
random_forest,p2,False,13,-0.13626185723671902
random_forest,p2,False,14,-0.11293255511984378
random_forest,p2,True,0,-0.10163173580302373
random_forest,p2,True,1,-0.15595792304040004
random_forest,p2,True,2,-0.15249998039701199
random_forest,p2,True,3,-0.12586102647866046
random_forest,p2,True,4,-0.09546457218910205
random_forest,p2,True,5,-0.09927014021773775
random_forest,p2,True,6,-0.13014839260531255
random_forest,p2,True,7,-0.10410579033417276
random_forest,p2,True,8,-0.18822641167505946
random_forest,p2,True,9,-0.10683574425676338
random_forest,p2,True,10,-0.19220223083133323
random_forest,p2,True,11,-0.10001439394773573
random_forest,p2,True,12,-0.12611489852755872
random_forest,p2,True,13,-0.09861073839468412
random_forest,p2,True,14,-0.09960475183810777
random_forest,p3,False,0,-0.16885197171142424
random_forest,p3,False,1,-0.09368516205556092
random_forest,p3,False,2,-0.10697086032916461
random_forest,p3,False,3,-0.1492800937152753
random_forest,p3,False,4,-0.10098655009475954
random_forest,p3,False,5,-0.10534872306619612
random_forest,p3,False,6,-0.10298018180189844
random_forest,p3,False,7,-0.1130132934700089
random_forest,p3,False,8,-0.17685069639653087
random_forest,p3,False,9,-0.13701777634274448
random_forest,p3,False,10,-0.09759504134369078
random_forest,p3,False,11,-0.1535829454486563
random_forest,p3,False,12,-0.10385300676694077
random_forest,p3,False,13,-0.11906774145742588
random_forest,p3,False,14,-0.15345192947690886
random_forest,p3,True,0,-0.134308225401831
random_forest,p3,True,1,-0.1042574947287553
random_forest,p3,True,2,-0.10494235123990826
random_forest,p3,True,3,-0.1501450178772693
random_forest,p3,True,4,-0.14673913510282163
random_forest,p3,True,5,-0.11830954750646683
random_forest,p3,True,6,-0.1534433048681151
random_forest,p3,True,7,-0.09177969059409574
random_forest,p3,True,8,-0.11387717176671629
random_forest,p3,True,9,-0.15413897348572966
random_forest,p3,True,10,-0.11587587569224754
random_forest,p3,True,11,-0.12412655451983574
random_forest,p3,True,12,-0.14396551131650692
random_forest,p3,True,13,-0.1528912567893746
random_forest,p3,True,14,-0.10552789005569521
random_forest,p4,False,0,-0.15132109117141673
random_forest,p4,False,1,-0.17108139204818226
random_forest,p4,False,2,-0.1000489567953048
random_forest,p4,False,3,-0.11199718252121191
random_forest,p4,False,4,-0.10311426039476121
random_forest,p4,False,5,-0.11326014587435182
random_forest,p4,False,6,-0.1867779407913953
random_forest,p4,False,7,-0.11729838895170036
random_forest,p4,False,8,-0.09772856760044366
random_forest,p4,False,9,-0.10811065501397964
random_forest,p4,False,10,-0.14085668814259406
random_forest,p4,False,11,-0.16071723035652588
random_forest,p4,False,12,-0.12009893343024405
random_forest,p4,False,13,-0.09388618496974095
random_forest,p4,False,14,-0.111193152277033
random_forest,p4,True,0,-0.13558309583079167
random_forest,p4,True,1,-0.16490683081688426
random_forest,p4,True,2,-0.11268778644343207
random_forest,p4,True,3,-0.11877998647685298
random_forest,p4,True,4,-0.09813106702305219
random_forest,p4,True,5,-0.1387458548871636
random_forest,p4,True,6,-0.15127005449207137
random_forest,p4,True,7,-0.11845657947630443
random_forest,p4,True,8,-0.11873657186161422
random_forest,p4,True,9,-0.1020752590928329
random_forest,p4,True,10,-0.10593205403911134
random_forest,p4,True,11,-0.12491593886084473
random_forest,p4,True,12,-0.10667646032606551
random_forest,p4,True,13,-0.18021816198223523
random_forest,p4,True,14,-0.10741605683393765
random_forest,p5,False,0,-0.09723536570769001
random_forest,p5,False,1,-0.09870541888120275
random_forest,p5,False,2,-0.1151499493116074
random_forest,p5,False,3,-0.18306351146247693
random_forest,p5,False,4,-0.12183368906397743
random_forest,p5,False,5,-0.11603140389440042
random_forest,p5,False,6,-0.10567015903268599
random_forest,p5,False,7,-0.177494042829573
random_forest,p5,False,8,-0.09905597739850136
random_forest,p5,False,9,-0.12591706766069868
random_forest,p5,False,10,-0.10231775675504014
random_forest,p5,False,11,-0.17746816742209723
random_forest,p5,False,12,-0.11659358037122293
random_forest,p5,False,13,-0.1067721581060053
random_forest,p5,False,14,-0.11977273103058199
random_forest,p5,True,0,-0.11665830212792341
random_forest,p5,True,1,-0.116763215016692
random_forest,p5,True,2,-0.15736189682924717
random_forest,p5,True,3,-0.15219940791028516
random_forest,p5,True,4,-0.10731434536213438
random_forest,p5,True,5,-0.1368398392393633
random_forest,p5,True,6,-0.14422230812291617
random_forest,p5,True,7,-0.14038808794808474
random_forest,p5,True,8,-0.10631639107390409
random_forest,p5,True,9,-0.11080183602997648
random_forest,p5,True,10,-0.10662467622115963
random_forest,p5,True,11,-0.11917713486537249
random_forest,p5,True,12,-0.09343145615310942
random_forest,p5,True,13,-0.17033210410228117
random_forest,p5,True,14,-0.14794157354444656
random_forest,p6,False,0,-0.14081973952597832
random_forest,p6,False,1,-0.10976033319268165
random_forest,p6,False,2,-0.1286334668965082
random_forest,p6,False,3,-0.11175706286556539
random_forest,p6,False,4,-0.15177917802527324
random_forest,p6,False,5,-0.09137486601339427
random_forest,p6,False,6,-0.11145006560216116
random_forest,p6,False,7,-0.18154422333699918
random_forest,p6,False,8,-0.11024450667080721
random_forest,p6,False,9,-0.11872507184534681
random_forest,p6,False,10,-0.11147183515886393
random_forest,p6,False,11,-0.09429134788548546
random_forest,p6,False,12,-0.15424426150487716
random_forest,p6,False,13,-0.11565937382831805
random_forest,p6,False,14,-0.16277825917109573
random_forest,p6,True,0,-0.1143588059930565
random_forest,p6,True,1,-0.14267152250529694
random_forest,p6,True,2,-0.09547724796052952
random_forest,p6,True,3,-0.15553874473519452
random_forest,p6,True,4,-0.12670186545021947
random_forest,p6,True,5,-0.10497193696914807
random_forest,p6,True,6,-0.1434276110892668
random_forest,p6,True,7,-0.13957105206088963
random_forest,p6,True,8,-0.11276340814347105
random_forest,p6,True,9,-0.13336472302369248
random_forest,p6,True,10,-0.11358729056876665
random_forest,p6,True,11,-0.16165087374035608
random_forest,p6,True,12,-0.1416831122676322
random_forest,p6,True,13,-0.10108063859711215
random_forest,p6,True,14,-0.11715958526486206
random_forest,p7,False,0,-0.11009216484870911
random_forest,p7,False,1,-0.18789536084628272
random_forest,p7,False,2,-0.09689647623719312
random_forest,p7,False,3,-0.10727616309870198
random_forest,p7,False,4,-0.12708647846331608
random_forest,p7,False,5,-0.1961505792969632
random_forest,p7,False,6,-0.11106456364581646
random_forest,p7,False,7,-0.10805013920895865
random_forest,p7,False,8,-0.09961846843362966
random_forest,p7,False,9,-0.10086710548562537
random_forest,p7,False,10,-0.08787150415049941
random_forest,p7,False,11,-0.14974573250376466
random_forest,p7,False,12,-0.11630328343976305
random_forest,p7,False,13,-0.1235891786208898
random_forest,p7,False,14,-0.14878744450069795
random_forest,p7,True,0,-0.10703632718541152
random_forest,p7,True,1,-0.10822284171357563
random_forest,p7,True,2,-0.17970900586147365
random_forest,p7,True,3,-0.12967362621498954
random_forest,p7,True,4,-0.10445716606364676
random_forest,p7,True,5,-0.10370680467367265
random_forest,p7,True,6,-0.14345115637143316
random_forest,p7,True,7,-0.10877036557101413
random_forest,p7,True,8,-0.12255850754102207
random_forest,p7,True,9,-0.1459759412483606
random_forest,p7,True,10,-0.11536989902747419
random_forest,p7,True,11,-0.10593743894910757
random_forest,p7,True,12,-0.1148079863040537
random_forest,p7,True,13,-0.15045049175569694
random_forest,p7,True,14,-0.1516290947311439
random_forest,p8,False,0,-0.13135917980283146
random_forest,p8,False,1,-0.14706770629357097
random_forest,p8,False,2,-0.10426384463771221
random_forest,p8,False,3,-0.14381777329017728
random_forest,p8,False,4,-0.09949356032770543
random_forest,p8,False,5,-0.09234258289110175
random_forest,p8,False,6,-0.11592309540918312
random_forest,p8,False,7,-0.14096301107652415
random_forest,p8,False,8,-0.1678393924911756
random_forest,p8,False,9,-0.10077716312664874
random_forest,p8,False,10,-0.1063993641144481
random_forest,p8,False,11,-0.12304759034528397
random_forest,p8,False,12,-0.18199581970044906
random_forest,p8,False,13,-0.10462017453871096
random_forest,p8,False,14,-0.11603592615918867
random_forest,p8,True,0,-0.09487670252609975
random_forest,p8,True,1,-0.11541788937607288
random_forest,p8,True,2,-0.1484442206870662
random_forest,p8,True,3,-0.12722205281529586
random_forest,p8,True,4,-0.14950973723003164
random_forest,p8,True,5,-0.12704792209567525
random_forest,p8,True,6,-0.15216247289589677
random_forest,p8,True,7,-0.10118207920513382
random_forest,p8,True,8,-0.11114368132811472
random_forest,p8,True,9,-0.14970929565947189
random_forest,p8,True,10,-0.11070212325617182
random_forest,p8,True,11,-0.09134301303287874
random_forest,p8,True,12,-0.18827489758713242
random_forest,p8,True,13,-0.11149283713188592
random_forest,p8,True,14,-0.1215837761246016
random_forest,p9,False,0,-0.1552195989420124
random_forest,p9,False,1,-0.10480829281568495
random_forest,p9,False,2,-0.11207091607106123
random_forest,p9,False,3,-0.10175340353328186
random_forest,p9,False,4,-0.15980962541890598
random_forest,p9,False,5,-0.08896085224542802
random_forest,p9,False,6,-0.15130809681897214
random_forest,p9,False,7,-0.10837503703138833
random_forest,p9,False,8,-0.16256009876706712
random_forest,p9,False,9,-0.12286539778548802
random_forest,p9,False,10,-0.13083391104263575
random_forest,p9,False,11,-0.09855248952541754
random_forest,p9,False,12,-0.11959745555587026
random_forest,p9,False,13,-0.1841607607560345
random_forest,p9,False,14,-0.09661688717335581
random_forest,p9,True,0,-0.15203653109165427
random_forest,p9,True,1,-0.10905316232801196
random_forest,p9,True,2,-0.15519857720644256
random_forest,p9,True,3,-0.10248080667257684
random_forest,p9,True,4,-0.11328229777723285
random_forest,p9,True,5,-0.10087547143930847
random_forest,p9,True,6,-0.13959623800645488
random_forest,p9,True,7,-0.12115054135059031
random_forest,p9,True,8,-0.12311738401054499
random_forest,p9,True,9,-0.1515066556777918
random_forest,p9,True,10,-0.12908506338425763
random_forest,p9,True,11,-0.15140287782527112
random_forest,p9,True,12,-0.09689642472407442
random_forest,p9,True,13,-0.1575212644359375
random_forest,p9,True,14,-0.08938608659610017
mlp,p1,False,0,-33926.3407997055
mlp,p1,False,1,-114899.15623186302
mlp,p1,False,2,-724245223.8690258
mlp,p1,False,3,-5710306.726771288
mlp,p1,False,4,-61506979.59053016
mlp,p1,False,5,-325949.0757051655
mlp,p1,False,6,-34002515.14520931
mlp,p1,False,7,-240682.72880395738
mlp,p1,False,8,-9458045.53079155
mlp,p1,False,9,-1485529.7761847859
mlp,p1,False,10,-62419866.60645816
mlp,p1,False,11,-15287074.94483004
mlp,p1,False,12,-335972286.29538184
mlp,p1,False,13,-13766670.019824298
mlp,p1,False,14,-20343661.708001807
mlp,p2,False,0,-16108161.346267074
mlp,p2,False,1,-28190246.69833209
mlp,p2,False,2,-2608329.0797470147
mlp,p2,False,3,-4525799.016058536
mlp,p2,False,4,-51172777.32971728
mlp,p2,False,5,-1989365.6376004878
mlp,p2,False,6,-95372369.22773173
mlp,p2,False,7,-80785316.98216271
mlp,p2,False,8,-39411344.1602648
mlp,p2,False,9,-795453463.7352606
mlp,p2,False,10,-2801086.4981983597
mlp,p2,False,11,-98494130.05483738
mlp,p2,False,12,-10757602.882155899
mlp,p2,False,13,-49918830.94121209
mlp,p2,False,14,-2370284.879804059
mlp,p3,False,0,-0.14090448172346537
mlp,p3,False,1,-0.6100261871232281
mlp,p3,False,2,-0.16661870727896916
mlp,p3,False,3,-0.2203659830412823
mlp,p3,False,4,-0.17220738424355259
mlp,p3,False,5,-0.31603521539441654
mlp,p3,False,6,-0.11492723420066445
mlp,p3,False,7,-0.2492623247613823
mlp,p3,False,8,-0.5953846852577767
mlp,p3,False,9,-0.12307655311299523
mlp,p3,False,10,-0.7204216110032051
mlp,p3,False,11,-0.2862716024213866
mlp,p3,False,12,-0.11221346727710635
mlp,p3,False,13,-0.1643508258029314
mlp,p3,False,14,-0.2260612825118576
mlp,p4,False,0,-452356784.22300035
mlp,p4,False,1,-169062043.50411195
mlp,p4,False,2,-132341166.77846158
mlp,p4,False,3,-1811897430.020361
mlp,p4,False,4,-420055794.9983691
mlp,p4,False,5,-27274611.190751325
mlp,p4,False,6,-41163681.35763429
mlp,p4,False,7,-27580996.3138018
mlp,p4,False,8,-25147209.30046139
mlp,p4,False,9,-48879971.265525095
mlp,p4,False,10,-1060482915.3677677
mlp,p4,False,11,-50429865.139862105
mlp,p4,False,12,-41325598.045038626
mlp,p4,False,13,-38770859.72463118
mlp,p4,False,14,-570094295.9653133
mlp,p5,False,0,-1463001988.0084305
mlp,p5,False,1,-44201474.34521361
mlp,p5,False,2,-17821088.796484005
mlp,p5,False,3,-41267447.55003946
mlp,p5,False,4,-335963987.71519303
mlp,p5,False,5,-45899508.299371034
mlp,p5,False,6,-125813141.16280305
mlp,p5,False,7,-63130846.08982321
mlp,p5,False,8,-79949338.1274464
mlp,p5,False,9,-340375307.98100585
mlp,p5,False,10,-25762488.92131423
mlp,p5,False,11,-23361221.910657767
mlp,p5,False,12,-65367910.31384169
mlp,p5,False,13,-12055850.972340109
mlp,p5,False,14,-316702726.8507174
mlp,p6,False,0,-323650344.91911316
mlp,p6,False,1,-417565782.5918729
mlp,p6,False,2,-915159426.6652334
mlp,p6,False,3,-1617750190.9290292
mlp,p6,False,4,-8212631143.419514
mlp,p6,False,5,-504247620.3441392
mlp,p6,False,6,-2676764102.3769555
mlp,p6,False,7,-7591794529.25461
mlp,p6,False,8,-3233575471.8301787
mlp,p6,False,9,-1306580114.403905
mlp,p6,False,10,-471927336.1601102
mlp,p6,False,11,-2141271739.4261632
mlp,p6,False,12,-903256219.5902294
mlp,p6,False,13,-1221727323.6613104
mlp,p6,False,14,-1421413793.5853376
mlp,p7,False,0,-0.14858146721887408
mlp,p7,False,1,-0.14936162671303083
mlp,p7,False,2,-0.13327185526664287
mlp,p7,False,3,-0.17129698413117894
mlp,p7,False,4,-0.3186394807147497
mlp,p7,False,5,-0.47361680038766696
mlp,p7,False,6,-0.1782850854835872
mlp,p7,False,7,-0.26563943065449763
mlp,p7,False,8,-0.15495104372929153
mlp,p7,False,9,-0.12918596234500962
mlp,p7,False,10,-0.11120439004976616
mlp,p7,False,11,-0.16981009815219342
mlp,p7,False,12,-0.5078972031774248
mlp,p7,False,13,-0.09441858049216845
mlp,p7,False,14,-0.4194412571103179
mlp,p8,False,0,-0.19802847145774446
mlp,p8,False,1,-0.14482907346466195
mlp,p8,False,2,-0.1540168731763764
mlp,p8,False,3,-0.13156024293087132
mlp,p8,False,4,-0.401903548770689
mlp,p8,False,5,-0.15070584912335577
mlp,p8,False,6,-0.35260915290231587
mlp,p8,False,7,-0.1381309361983728
mlp,p8,False,8,-0.2375632462415129
mlp,p8,False,9,-0.13361632030373258
mlp,p8,False,10,-0.17978307245200198
mlp,p8,False,11,-0.20739175736266138
mlp,p8,False,12,-0.14648484848723606
mlp,p8,False,13,-0.8531143078020453
mlp,p8,False,14,-0.13472978979437802
mlp,p9,False,0,-0.3463523670146199
mlp,p9,False,1,-0.14314667547422757
mlp,p9,False,2,-0.23924691037801304
mlp,p9,False,3,-0.11404446229480204
mlp,p9,False,4,-0.39897285910460456
mlp,p9,False,5,-0.3593222996202522
mlp,p9,False,6,-0.10784451603868803
mlp,p9,False,7,-0.2552366256203505
mlp,p9,False,8,-0.15033950030532503
mlp,p9,False,9,-0.1519061517551432
mlp,p9,False,10,-0.13252330577926505
mlp,p9,False,11,-0.24918345121811672
mlp,p9,False,12,-0.18443579036403523
mlp,p9,False,13,-0.1933864966813719
mlp,p9,False,14,-0.17189053705429885
